================================================================================
  APEX Session Log
  Target  : https://ptisqa.scipl.info.in/en/login
  Started : 2026-10-06 16:30:52
  Log Dir : C:\Users\Pravin.Tambe\Downloads\AI-Pestest-Bot-main\AI-Pestest-Bot-main\logs\sessions\20261006_163052_ptisqa.scipl.info.in
=
  APEX Session Log
  Target  : https://ptisqa.scipl.info.in/en/login
  Started : 2026-10-06 16:30:52
  Log Dir : C:\Users\Pravin.Tambe\Downloads\AI-Pestest-Bot-main\AI-Pestest-Bot-main\logs\sessions\20261006_163052_ptisqa.scipl.info.in
=
  APEX Session Log
  Target  : https://ptisqa.scipl.info.in/en/login
  Started : 2026-10-06 16:30:52
  Log Dir : C:\Users\Pravin.Tambe\Downloads\AI-Pestest-Bot-main\AI-Pestest-Bot-main\logs\sessions\20261006_163052_ptisqa.scipl.info.in
=
  APEX Session Log
  Target  : https://ptisqa.scipl.info.in/en/login
  Started : 2026-10-06 16:30:52
  Log Dir : C:\Users\Pravin.Tambe\Downloads\AI-Pestest-Bot-main\AI-Pestest-Bot-main\logs\sessions\20261006_163052_ptisqa.scipl.info.in
=
  APEX Session Log
  Target  : https://ptisqa.scipl.info.in/en/login
  Started : 2026-10-06 16:30:52
  Log Dir : C:\Users\Pravin.Tambe\Downloads\AI-Pestest-Bot-main\AI-Pestest-Bot-main\logs\sessions\20261006_163052_ptisqa.scipl.info.in
=
  APEX Session Log
  Target  : https://ptisqa.scipl.info.in/en/login
  Started : 2026-10-06 16:30:52
  Log Dir : C:\Users\Pravin.Tambe\Downloads\AI-Pestest-Bot-main\AI-Pestest-Bot-main\logs\sessions\20261006_163052_ptisqa.scipl.info.in
=
  APEX Session Log
  Target  : https://ptisqa.scipl.info.in/en/login
  Started : 2026-10-06 16:30:52
  Log Dir : C:\Users\Pravin.Tambe\Downloads\AI-Pestest-Bot-main\AI-Pestest-Bot-main\logs\sessions\20261006_163052_ptisqa.scipl.info.in
=
  APEX Session Log
  Target  : https://ptisqa.scipl.info.in/en/login
  Started : 2026-10-06 16:30:52
  Log Dir : C:\Users\Pravin.Tambe\Downloads\AI-Pestest-Bot-main\AI-Pestest-Bot-main\logs\sessions\20261006_163052_ptisqa.scipl.info.in
=
  APEX Session Log
  Target  : https://ptisqa.scipl.info.in/en/login
  Started : 2026-10-06 16:30:52
  Log Dir : C:\Users\Pravin.Tambe\Downloads\AI-Pestest-Bot-main\AI-Pestest-Bot-main\logs\sessions\20261006_163052_ptisqa.scipl.info.in
=
  APEX Session Log
  Target  : https://ptisqa.scipl.info.in/en/login
  Started : 2026-10-06 16:30:52
  Log Dir : C:\Users\Pravin.Tambe\Downloads\AI-Pestest-Bot-main\AI-Pestest-Bot-main\logs\sessions\20261006_163052_ptisqa.scipl.info.in
=
  APEX Session Log
  Target  : https://ptisqa.scipl.info.in/en/login
  Started : 2026-10-06 16:30:52
  Log Dir : C:\Users\Pravin.Tambe\Downloads\AI-Pestest-Bot-main\AI-Pestest-Bot-main\logs\sessions\20261006_163052_ptisqa.scipl.info.in
=
  APEX Session Log
  Target  : https://ptisqa.scipl.info.in/en/login
  Started : 2026-10-06 16:30:52
  Log Dir : C:\Users\Pravin.Tambe\Downloads\AI-Pestest-Bot-main\AI-Pestest-Bot-main\logs\sessions\20261006_163052_ptisqa.scipl.info.in
=
  APEX Session Log
  Target  : https://ptisqa.scipl.info.in/en/login
  Started : 2026-10-06 16:30:52
  Log Dir : C:\Users\Pravin.Tambe\Downloads\AI-Pestest-Bot-main\AI-Pestest-Bot-main\logs\sessions\20261006_163052_ptisqa.scipl.info.in
=
  APEX Session Log
  Target  : https://ptisqa.scipl.info.in/en/login
  Started : 2026-10-06 16:30:52
  Log Dir : C:\Users\Pravin.Tambe\Downloads\AI-Pestest-Bot-main\AI-Pestest-Bot-main\logs\sessions\20261006_163052_ptisqa.scipl.info.in
=
  APEX Session Log
  Target  : https://ptisqa.scipl.info.in/en/login
  Started : 2026-10-06 16:30:52
  Log Dir : C:\Users\Pravin.Tambe\Downloads\AI-Pestest-Bot-main\AI-Pestest-Bot-main\logs\sessions\20261006_163052_ptisqa.scipl.info.in
=
  APEX Session Log
  Target  : https://ptisqa.scipl.info.in/en/login
  Started : 2026-10-06 16:30:52
  Log Dir : C:\Users\Pravin.Tambe\Downloads\AI-Pestest-Bot-main\AI-Pestest-Bot-main\logs\sessions\20261006_163052_ptisqa.scipl.info.in
=
  APEX Session Log
  Target  : https://ptisqa.scipl.info.in/en/login
  Started : 2026-10-06 16:30:52
  Log Dir : C:\Users\Pravin.Tambe\Downloads\AI-Pestest-Bot-main\AI-Pestest-Bot-main\logs\sessions\20261006_163052_ptisqa.scipl.info.in
=
  APEX Session Log
  Target  : https://ptisqa.scipl.info.in/en/login
  Started : 2026-10-06 16:30:52
  Log Dir : C:\Users\Pravin.Tambe\Downloads\AI-Pestest-Bot-main\AI-Pestest-Bot-main\logs\sessions\20261006_163052_ptisqa.scipl.info.in
=
  APEX Session Log
  Target  : https://ptisqa.scipl.info.in/en/login
  Started : 2026-10-06 16:30:52
  Log Dir : C:\Users\Pravin.Tambe\Downloads\AI-Pestest-Bot-main\AI-Pestest-Bot-main\logs\sessions\20261006_163052_ptisqa.scipl.info.in
=
  APEX Session Log
  Target  : https://ptisqa.scipl.info.in/en/login
  Started : 2026-10-06 16:30:52
  Log Dir : C:\Users\Pravin.Tambe\Downloads\AI-Pestest-Bot-main\AI-Pestest-Bot-main\logs\sessions\20261006_163052_ptisqa.scipl.info.in
=
  APEX Session Log
  Target  : https://ptisqa.scipl.info.in/en/login
  Started : 2026-10-06 16:30:52
  Log Dir : C:\Users\Pravin.Tambe\Downloads\AI-Pestest-Bot-main\AI-Pestest-Bot-main\logs\sessions\20261006_163052_ptisqa.scipl.info.in
=
  APEX Session Log
  Target  : https://ptisqa.scipl.info.in/en/login
  Started : 2026-10-06 16:30:52
  Log Dir : C:\Users\Pravin.Tambe\Downloads\AI-Pestest-Bot-main\AI-Pestest-Bot-main\logs\sessions\20261006_163052_ptisqa.scipl.info.in
=
  APEX Session Log
  Target  : https://ptisqa.scipl.info.in/en/login
  Started : 2026-10-06 16:30:52
  Log Dir : C:\Users\Pravin.Tambe\Downloads\AI-Pestest-Bot-main\AI-Pestest-Bot-main\logs\sessions\20261006_163052_ptisqa.scipl.info.in
=
  APEX Session Log
  Target  : https://ptisqa.scipl.info.in/en/login
  Started : 2026-10-06 16:30:52
  Log Dir : C:\Users\Pravin.Tambe\Downloads\AI-Pestest-Bot-main\AI-Pestest-Bot-main\logs\sessions\20261006_163052_ptisqa.scipl.info.in
=
  APEX Session Log
  Target  : https://ptisqa.scipl.info.in/en/login
  Started : 2026-10-06 16:30:52
  Log Dir : C:\Users\Pravin.Tambe\Downloads\AI-Pestest-Bot-main\AI-Pestest-Bot-main\logs\sessions\20261006_163052_ptisqa.scipl.info.in
=
  APEX Session Log
  Target  : https://ptisqa.scipl.info.in/en/login
  Started : 2026-10-06 16:30:52
  Log Dir : C:\Users\Pravin.Tambe\Downloads\AI-Pestest-Bot-main\AI-Pestest-Bot-main\logs\sessions\20261006_163052_ptisqa.scipl.info.in
=
  APEX Session Log
  Target  : https://ptisqa.scipl.info.in/en/login
  Started : 2026-10-06 16:30:52
  Log Dir : C:\Users\Pravin.Tambe\Downloads\AI-Pestest-Bot-main\AI-Pestest-Bot-main\logs\sessions\20261006_163052_ptisqa.scipl.info.in
=
  APEX Session Log
  Target  : https://ptisqa.scipl.info.in/en/login
  Started : 2026-10-06 16:30:52
  Log Dir : C:\Users\Pravin.Tambe\Downloads\AI-Pestest-Bot-main\AI-Pestest-Bot-main\logs\sessions\20261006_163052_ptisqa.scipl.info.in
=
  APEX Session Log
  Target  : https://ptisqa.scipl.info.in/en/login
  Started : 2026-10-06 16:30:52
  Log Dir : C:\Users\Pravin.Tambe\Downloads\AI-Pestest-Bot-main\AI-Pestest-Bot-main\logs\sessions\20261006_163052_ptisqa.scipl.info.in
=
  APEX Session Log
  Target  : https://ptisqa.scipl.info.in/en/login
  Started : 2026-10-06 16:30:52
  Log Dir : C:\Users\Pravin.Tambe\Downloads\AI-Pestest-Bot-main\AI-Pestest-Bot-main\logs\sessions\20261006_163052_ptisqa.scipl.info.in
=
  APEX Session Log
  Target  : https://ptisqa.scipl.info.in/en/login
  Started : 2026-10-06 16:30:52
  Log Dir : C:\Users\Pravin.Tambe\Downloads\AI-Pestest-Bot-main\AI-Pestest-Bot-main\logs\sessions\20261006_163052_ptisqa.scipl.info.in
=
  APEX Session Log
  Target  : https://ptisqa.scipl.info.in/en/login
  Started : 2026-10-06 16:30:52
  Log Dir : C:\Users\Pravin.Tambe\Downloads\AI-Pestest-Bot-main\AI-Pestest-Bot-main\logs\sessions\20261006_163052_ptisqa.scipl.info.in
=
  APEX Session Log
  Target  : https://ptisqa.scipl.info.in/en/login
  Started : 2026-10-06 16:30:52
  Log Dir : C:\Users\Pravin.Tambe\Downloads\AI-Pestest-Bot-main\AI-Pestest-Bot-main\logs\sessions\20261006_163052_ptisqa.scipl.info.in
=
  APEX Session Log
  Target  : https://ptisqa.scipl.info.in/en/login
  Started : 2026-10-06 16:30:52
  Log Dir : C:\Users\Pravin.Tambe\Downloads\AI-Pestest-Bot-main\AI-Pestest-Bot-main\logs\sessions\20261006_163052_ptisqa.scipl.info.in
=
  APEX Session Log
  Target  : https://ptisqa.scipl.info.in/en/login
  Started : 2026-10-06 16:30:52
  Log Dir : C:\Users\Pravin.Tambe\Downloads\AI-Pestest-Bot-main\AI-Pestest-Bot-main\logs\sessions\20261006_163052_ptisqa.scipl.info.in
=
  APEX Session Log
  Target  : https://ptisqa.scipl.info.in/en/login
  Started : 2026-10-06 16:30:52
  Log Dir : C:\Users\Pravin.Tambe\Downloads\AI-Pestest-Bot-main\AI-Pestest-Bot-main\logs\sessions\20261006_163052_ptisqa.scipl.info.in
=
  APEX Session Log
  Target  : https://ptisqa.scipl.info.in/en/login
  Started : 2026-10-06 16:30:52
  Log Dir : C:\Users\Pravin.Tambe\Downloads\AI-Pestest-Bot-main\AI-Pestest-Bot-main\logs\sessions\20261006_163052_ptisqa.scipl.info.in
=
  APEX Session Log
  Target  : https://ptisqa.scipl.info.in/en/login
  Started : 2026-10-06 16:30:52
  Log Dir : C:\Users\Pravin.Tambe\Downloads\AI-Pestest-Bot-main\AI-Pestest-Bot-main\logs\sessions\20261006_163052_ptisqa.scipl.info.in
=
  APEX Session Log
  Target  : https://ptisqa.scipl.info.in/en/login
  Started : 2026-10-06 16:30:52
  Log Dir : C:\Users\Pravin.Tambe\Downloads\AI-Pestest-Bot-main\AI-Pestest-Bot-main\logs\sessions\20261006_163052_ptisqa.scipl.info.in
=
  APEX Session Log
  Target  : https://ptisqa.scipl.info.in/en/login
  Started : 2026-10-06 16:30:52
  Log Dir : C:\Users\Pravin.Tambe\Downloads\AI-Pestest-Bot-main\AI-Pestest-Bot-main\logs\sessions\20261006_163052_ptisqa.scipl.info.in
=
  APEX Session Log
  Target  : https://ptisqa.scipl.info.in/en/login
  Started : 2026-10-06 16:30:52
  Log Dir : C:\Users\Pravin.Tambe\Downloads\AI-Pestest-Bot-main\AI-Pestest-Bot-main\logs\sessions\20261006_163052_ptisqa.scipl.info.in
=
  APEX Session Log
  Target  : https://ptisqa.scipl.info.in/en/login
  Started : 2026-10-06 16:30:52
  Log Dir : C:\Users\Pravin.Tambe\Downloads\AI-Pestest-Bot-main\AI-Pestest-Bot-main\logs\sessions\20261006_163052_ptisqa.scipl.info.in
=
  APEX Session Log
  Target  : https://ptisqa.scipl.info.in/en/login
  Started : 2026-10-06 16:30:52
  Log Dir : C:\Users\Pravin.Tambe\Downloads\AI-Pestest-Bot-main\AI-Pestest-Bot-main\logs\sessions\20261006_163052_ptisqa.scipl.info.in
=
  APEX Session Log
  Target  : https://ptisqa.scipl.info.in/en/login
  Started : 2026-10-06 16:30:52
  Log Dir : C:\Users\Pravin.Tambe\Downloads\AI-Pestest-Bot-main\AI-Pestest-Bot-main\logs\sessions\20261006_163052_ptisqa.scipl.info.in
=
  APEX Session Log
  Target  : https://ptisqa.scipl.info.in/en/login
  Started : 2026-10-06 16:30:52
  Log Dir : C:\Users\Pravin.Tambe\Downloads\AI-Pestest-Bot-main\AI-Pestest-Bot-main\logs\sessions\20261006_163052_ptisqa.scipl.info.in
=
  APEX Session Log
  Target  : https://ptisqa.scipl.info.in/en/login
  Started : 2026-10-06 16:30:52
  Log Dir : C:\Users\Pravin.Tambe\Downloads\AI-Pestest-Bot-main\AI-Pestest-Bot-main\logs\sessions\20261006_163052_ptisqa.scipl.info.in
=
  APEX Session Log
  Target  : https://ptisqa.scipl.info.in/en/login
  Started : 2026-10-06 16:30:52
  Log Dir : C:\Users\Pravin.Tambe\Downloads\AI-Pestest-Bot-main\AI-Pestest-Bot-main\logs\sessions\20261006_163052_ptisqa.scipl.info.in
=
  APEX Session Log
  Target  : https://ptisqa.scipl.info.in/en/login
  Started : 2026-10-06 16:30:52
  Log Dir : C:\Users\Pravin.Tambe\Downloads\AI-Pestest-Bot-main\AI-Pestest-Bot-main\logs\sessions\20261006_163052_ptisqa.scipl.info.in
=
  APEX Session Log
  Target  : https://ptisqa.scipl.info.in/en/login
  Started : 2026-10-06 16:30:52
  Log Dir : C:\Users\Pravin.Tambe\Downloads\AI-Pestest-Bot-main\AI-Pestest-Bot-main\logs\sessions\20261006_163052_ptisqa.scipl.info.in
=
  APEX Session Log
  Target  : https://ptisqa.scipl.info.in/en/login
  Started : 2026-10-06 16:30:52
  Log Dir : C:\Users\Pravin.Tambe\Downloads\AI-Pestest-Bot-main\AI-Pestest-Bot-main\logs\sessions\20261006_163052_ptisqa.scipl.info.in
=
  APEX Session Log
  Target  : https://ptisqa.scipl.info.in/en/login
  Started : 2026-10-06 16:30:52
  Log Dir : C:\Users\Pravin.Tambe\Downloads\AI-Pestest-Bot-main\AI-Pestest-Bot-main\logs\sessions\20261006_163052_ptisqa.scipl.info.in
=
  APEX Session Log
  Target  : https://ptisqa.scipl.info.in/en/login
  Started : 2026-10-06 16:30:52
  Log Dir : C:\Users\Pravin.Tambe\Downloads\AI-Pestest-Bot-main\AI-Pestest-Bot-main\logs\sessions\20261006_163052_ptisqa.scipl.info.in
=
  APEX Session Log
  Target  : https://ptisqa.scipl.info.in/en/login
  Started : 2026-10-06 16:30:52
  Log Dir : C:\Users\Pravin.Tambe\Downloads\AI-Pestest-Bot-main\AI-Pestest-Bot-main\logs\sessions\20261006_163052_ptisqa.scipl.info.in
=
  APEX Session Log
  Target  : https://ptisqa.scipl.info.in/en/login
  Started : 2026-10-06 16:30:52
  Log Dir : C:\Users\Pravin.Tambe\Downloads\AI-Pestest-Bot-main\AI-Pestest-Bot-main\logs\sessions\20261006_163052_ptisqa.scipl.info.in
=
  APEX Session Log
  Target  : https://ptisqa.scipl.info.in/en/login
  Started : 2026-10-06 16:30:52
  Log Dir : C:\Users\Pravin.Tambe\Downloads\AI-Pestest-Bot-main\AI-Pestest-Bot-main\logs\sessions\20261006_163052_ptisqa.scipl.info.in
=
  APEX Session Log
  Target  : https://ptisqa.scipl.info.in/en/login
  Started : 2026-10-06 16:30:52
  Log Dir : C:\Users\Pravin.Tambe\Downloads\AI-Pestest-Bot-main\AI-Pestest-Bot-main\logs\sessions\20261006_163052_ptisqa.scipl.info.in
=
  APEX Session Log
  Target  : https://ptisqa.scipl.info.in/en/login
  Started : 2026-10-06 16:30:52
  Log Dir : C:\Users\Pravin.Tambe\Downloads\AI-Pestest-Bot-main\AI-Pestest-Bot-main\logs\sessions\20261006_163052_ptisqa.scipl.info.in
=
  APEX Session Log
  Target  : https://ptisqa.scipl.info.in/en/login
  Started : 2026-10-06 16:30:52
  Log Dir : C:\Users\Pravin.Tambe\Downloads\AI-Pestest-Bot-main\AI-Pestest-Bot-main\logs\sessions\20261006_163052_ptisqa.scipl.info.in
=
  APEX Session Log
  Target  : https://ptisqa.scipl.info.in/en/login
  Started : 2026-10-06 16:30:52
  Log Dir : C:\Users\Pravin.Tambe\Downloads\AI-Pestest-Bot-main\AI-Pestest-Bot-main\logs\sessions\20261006_163052_ptisqa.scipl.info.in
=
  APEX Session Log
  Target  : https://ptisqa.scipl.info.in/en/login
  Started : 2026-10-06 16:30:52
  Log Dir : C:\Users\Pravin.Tambe\Downloads\AI-Pestest-Bot-main\AI-Pestest-Bot-main\logs\sessions\20261006_163052_ptisqa.scipl.info.in
=
  APEX Session Log
  Target  : https://ptisqa.scipl.info.in/en/login
  Started : 2026-10-06 16:30:52
  Log Dir : C:\Users\Pravin.Tambe\Downloads\AI-Pestest-Bot-main\AI-Pestest-Bot-main\logs\sessions\20261006_163052_ptisqa.scipl.info.in
=
  APEX Session Log
  Target  : https://ptisqa.scipl.info.in/en/login
  Started : 2026-10-06 16:30:52
  Log Dir : C:\Users\Pravin.Tambe\Downloads\AI-Pestest-Bot-main\AI-Pestest-Bot-main\logs\sessions\20261006_163052_ptisqa.scipl.info.in
=
  APEX Session Log
  Target  : https://ptisqa.scipl.info.in/en/login
  Started : 2026-10-06 16:30:52
  Log Dir : C:\Users\Pravin.Tambe\Downloads\AI-Pestest-Bot-main\AI-Pestest-Bot-main\logs\sessions\20261006_163052_ptisqa.scipl.info.in
=
  APEX Session Log
  Target  : https://ptisqa.scipl.info.in/en/login
  Started : 2026-10-06 16:30:52
  Log Dir : C:\Users\Pravin.Tambe\Downloads\AI-Pestest-Bot-main\AI-Pestest-Bot-main\logs\sessions\20261006_163052_ptisqa.scipl.info.in
=
  APEX Session Log
  Target  : https://ptisqa.scipl.info.in/en/login
  Started : 2026-10-06 16:30:52
  Log Dir : C:\Users\Pravin.Tambe\Downloads\AI-Pestest-Bot-main\AI-Pestest-Bot-main\logs\sessions\20261006_163052_ptisqa.scipl.info.in
=
  APEX Session Log
  Target  : https://ptisqa.scipl.info.in/en/login
  Started : 2026-10-06 16:30:52
  Log Dir : C:\Users\Pravin.Tambe\Downloads\AI-Pestest-Bot-main\AI-Pestest-Bot-main\logs\sessions\20261006_163052_ptisqa.scipl.info.in
=
  APEX Session Log
  Target  : https://ptisqa.scipl.info.in/en/login
  Started : 2026-10-06 16:30:52
  Log Dir : C:\Users\Pravin.Tambe\Downloads\AI-Pestest-Bot-main\AI-Pestest-Bot-main\logs\sessions\20261006_163052_ptisqa.scipl.info.in
=
  APEX Session Log
  Target  : https://ptisqa.scipl.info.in/en/login
  Started : 2026-10-06 16:30:52
  Log Dir : C:\Users\Pravin.Tambe\Downloads\AI-Pestest-Bot-main\AI-Pestest-Bot-main\logs\sessions\20261006_163052_ptisqa.scipl.info.in
=
  APEX Session Log
  Target  : https://ptisqa.scipl.info.in/en/login
  Started : 2026-10-06 16:30:52
  Log Dir : C:\Users\Pravin.Tambe\Downloads\AI-Pestest-Bot-main\AI-Pestest-Bot-main\logs\sessions\20261006_163052_ptisqa.scipl.info.in
=
  APEX Session Log
  Target  : https://ptisqa.scipl.info.in/en/login
  Started : 2026-10-06 16:30:52
  Log Dir : C:\Users\Pravin.Tambe\Downloads\AI-Pestest-Bot-main\AI-Pestest-Bot-main\logs\sessions\20261006_163052_ptisqa.scipl.info.in
=
  APEX Session Log
  Target  : https://ptisqa.scipl.info.in/en/login
  Started : 2026-10-06 16:30:52
  Log Dir : C:\Users\Pravin.Tambe\Downloads\AI-Pestest-Bot-main\AI-Pestest-Bot-main\logs\sessions\20261006_163052_ptisqa.scipl.info.in
=
  APEX Session Log
  Target  : https://ptisqa.scipl.info.in/en/login
  Started : 2026-10-06 16:30:52
  Log Dir : C:\Users\Pravin.Tambe\Downloads\AI-Pestest-Bot-main\AI-Pestest-Bot-main\logs\sessions\20261006_163052_ptisqa.scipl.info.in
=
  APEX Session Log
  Target  : https://ptisqa.scipl.info.in/en/login
  Started : 2026-10-06 16:30:52
  Log Dir : C:\Users\Pravin.Tambe\Downloads\AI-Pestest-Bot-main\AI-Pestest-Bot-main\logs\sessions\20261006_163052_ptisqa.scipl.info.in
=
  APEX Session Log
  Target  : https://ptisqa.scipl.info.in/en/login
  Started : 2026-10-06 16:30:52
  Log Dir : C:\Users\Pravin.Tambe\Downloads\AI-Pestest-Bot-main\AI-Pestest-Bot-main\logs\sessions\20261006_163052_ptisqa.scipl.info.in
=
  APEX Session Log
  Target  : https://ptisqa.scipl.info.in/en/login
  Started : 2026-10-06 16:30:52
  Log Dir : C:\Users\Pravin.Tambe\Downloads\AI-Pestest-Bot-main\AI-Pestest-Bot-main\logs\sessions\20261006_163052_ptisqa.scipl.info.in
=
  APEX Session Log
  Target  : https://ptisqa.scipl.info.in/en/login
  Started : 2026-10-06 16:30:52
  Log Dir : C:\Users\Pravin.Tambe\Downloads\AI-Pestest-Bot-main\AI-Pestest-Bot-main\logs\sessions\20261006_163052_ptisqa.scipl.info.in
=
  APEX Session Log
  Target  : https://ptisqa.scipl.info.in/en/login
  Started : 2026-10-06 16:30:52
  Log Dir : C:\Users\Pravin.Tambe\Downloads\AI-Pestest-Bot-main\AI-Pestest-Bot-main\logs\sessions\20261006_163052_ptisqa.scipl.info.in
=
  APEX Session Log
  Target  : https://ptisqa.scipl.info.in/en/login
  Started : 2026-10-06 16:30:52
  Log Dir : C:\Users\Pravin.Tambe\Downloads\AI-Pestest-Bot-main\AI-Pestest-Bot-main\logs\sessions\20261006_163052_ptisqa.scipl.info.in
=
  APEX Session Log
  Target  : https://ptisqa.scipl.info.in/en/login
  Started : 2026-10-06 16:30:52
  Log Dir : C:\Users\Pravin.Tambe\Downloads\AI-Pestest-Bot-main\AI-Pestest-Bot-main\logs\sessions\20261006_163052_ptisqa.scipl.info.in
=
  APEX Session Log
  Target  : https://ptisqa.scipl.info.in/en/login
  Started : 2026-10-06 16:30:52
  Log Dir : C:\Users\Pravin.Tambe\Downloads\AI-Pestest-Bot-main\AI-Pestest-Bot-main\logs\sessions\20261006_163052_ptisqa.scipl.info.in
=

[LOGGER] Session logging active -> logs\sessions\20261006_163052_ptisqa.scipl.info.in

────────────────────────────────────────────────────────────────────────────────────────────────────
                                                       _                                            
                                                       \                                            
                            \         ___  ___  ___  _ _  ___   _  ___  _ _ _  _  _ _               
                           |\       / __>|_ _|| __>| | || __> | || . \| | | || || \ |               
                           /|       \__ \ | | | _> | ' || _>  | ||   /| | | || ||   |               
                          /'|       <___/ |_| |___>|__/ |___> |_||_\_\|__/_/ |_||_\_|               
                                    ,' //                         We will                           
                                  ,'..`/                         Miss You                           
               /   '/                Still I want to see the Video             _...._.---._         
             /:   ,'                                                         .' ,--. ,--.  \        
        ,'    ,                                                           | /... /...|  |,..._      
       ,'    /                                   _..---------..__         \.\_O_/  O /  '     \     
      .'  _, /                 .---..._       ,-'  __.-.....__   '-  ___.-----._'---'     ,'  |     
      |-`'  (                  |       `--..,'_,-''   '.     `''"-._( .-.'.--.         _.'   /      
       |      \                 |  ,.__     /,'  |      |      \     \ | / |  /      ,,'  __ /      
        |     .`.               /  .'  _)--..'    |       |     '\     \`  ..--:`     _.--' \       
     |   .'  .-.__           |  |,-' _.-\      |       |      |     |`\''''''''_.-'   ,' (__...'    
        \         ,-`''-- =--::|   \-'|    |     |       |      |     | `'.....-' .,:-'  |  \       
         `.    ,  /  /     '`. |   |  |    |     |       |      |     |  \__.-` `..      \   \      
        '.  /  /  /         '|   |  |    [     |       |       |    |    ,       '._    |  |fsr     
           `.  /  | .--------'    `-. |   '     |       |       |    |,L______       `--..   \      
             ``.  | \               |-^---''".  |      |       .'    |.'      ``-..._         \     
                `.-..\.__...---....,'-.....--'`'"-........_____|.. `'                `'`--..../     
                                              A P E X                                               
                             AI REINFORCEMENT LEARNING PENTESTING AGENT                             
                                Session Started: 2026-10-06 16:30:52                                
────────────────────────────────────────────────────────────────────────────────────────────────────

┌──────────────────────────────────────────────────────────────────────────────────────────────────┐
│ TARGET INFORMATION                                                                                │
├──────────────────────────────────────────────────────────────────────────────────────────────────│
│ URL: https://ptisqa.scipl.info.in/en/login                                                      │
│ Mode: LIVE                                                                                      │
│ Agent: RL-PPO Enhanced with Dynamic Analysis                                                      │
└──────────────────────────────────────────────────────────────────────────────────────────────────┘

======================================================================
AGENT PERSISTENT MEMORY & ACCUMULATED EXPERIENCE
======================================================================
  * Total Sessions Executed    : 6
  * Lifetime Experience Score  : 20.925
  * Best Session Score         : 2.000
  * Model Policy Weight Updates: Epoch #6
  * Known Target Applications  : 1
  * Discovered Endpoints Total : 6
  * Confirmed Findings Total   : 1
======================================================================

Loading trained model...
Successfully loaded: C:\Users\Pravin.Tambe\Downloads\AI-Pestest-Bot-main\AI-Pestest-Bot-main\models\sequence_model_final.zip
Starting live test with model: C:\Users\Pravin.Tambe\Downloads\AI-Pestest-Bot-main\AI-Pestest-Bot-main\models\sequence_model_final.zip

────────────────────────────────────────────────────────────────────────────────────────────────────
🤖 AI STEP 01/10: RECON: Nmap Port Scan          │ Progress: [░░░░░░░░░░░░░░░░░░░░░░░░░░░░░░░░░░░░░░░░] 0.0%
────────────────────────────────────────────────────────────────────────────────────────────────────
Session Time: 0:00:01              │ Current Phase: DYNAMIC ANALYSIS
Agent Intelligence:
  Session Learning Score  : 0.000
  Lifetime Experience     : 20.925
  Confidence Score        : 0.000
Queue Status: 0 targets, 0 JS files pending
--- Starting NMAP Task for URL: https://ptisqa.scipl.info.in/en/login ---
[NMAP] Target host: ptisqa.scipl.info.in
[NMAP] Executing: C:\Program Files (x86)\Nmap\nmap.exe -sT -sV --open --host-timeout 30s --max-retries 2 -p 22,80,135,443,3000,3306,3389,5000,5432,8000,8080,8443,8888,9000 --version-intensity 5 ptisqa.scipl.info.in
[NMAP] Found 2 open ports: ['80/tcp  open  http', '443/tcp open  ssl/http']
[ENV] Nmap reward: +14.0 (2 ports)

📊 Agent State: RECON✅

🎯 Reward: +14.0 | Total: 14.0

────────────────────────────────────────────────────────────────────────────────────────────────────
🤖 AI STEP 02/10: RECON: Gobuster Directory Scan │ Progress: [████░░░░░░░░░░░░░░░░░░░░░░░░░░░░░░░░░░░░] 10.0%
────────────────────────────────────────────────────────────────────────────────────────────────────
Session Time: 0:00:16              │ Current Phase: DYNAMIC ANALYSIS
Agent Intelligence:
  Session Learning Score  : 0.280
  Lifetime Experience     : 21.065
  Confidence Score        : 0.200
Queue Status: 0 targets, 0 JS files pending
[GOBUSTER] Starting directory scan for: https://ptisqa.scipl.info.in/en/login
[GOBUSTER] Executing: C:\Users\Pravin.Tambe\Downloads\AI-Pestest-Bot-main\AI-Pestest-Bot-main\gobuster.exe dir -u https://ptisqa.scipl.info.in/en/login -w C:\Users\Pravin.Tambe\Downloads\AI-Pestest-Bot-main\AI-Pestest-Bot-main\wordlist.txt -t 50 --no-error
[GOBUSTER] Found 0 directories: []
[ENV] Gobuster: no dirs found, base reward +8.0

📊 Agent State: RECON✅ | DIRS✅

🎯 Reward: +8.0 | Total: 22.0

────────────────────────────────────────────────────────────────────────────────────────────────────
🤖 AI STEP 03/10: DISCOVERY: AI-Powered Crawling │ Progress: [████████░░░░░░░░░░░░░░░░░░░░░░░░░░░░░░░░] 20.0%
────────────────────────────────────────────────────────────────────────────────────────────────────
Session Time: 0:00:17              │ Current Phase: DYNAMIC ANALYSIS
Agent Intelligence:
  Session Learning Score  : 0.440
  Lifetime Experience     : 21.145
  Confidence Score        : 0.400
Queue Status: 0 targets, 0 JS files pending
[CRAWLER] analyzing... Initializing...[CRAWLER] mapping... Fetching JS 0if-vqkhyn-zc.js[CRAWLER] discovering... AI Analyzing JS 0if-vqkhyn-zc.js[CRAWLER] learning... AI Analyzing JS 0if-vqkhyn-zc.js[CRAWLER] understanding... AI Analyzing JS 0if-vqkhyn-zc.js[CRAWLER] extracting... AI Analyzing JS 0if-vqkhyn-zc.js[CRAWLER] analyzing... AI Analyzing JS 0if-vqkhyn-zc.js[CRAWLER] mapping... AI Analyzing JS 0if-vqkhyn-zc.js[CRAWLER] discovering... AI Analyzing JS 0if-vqkhyn-zc.js[CRAWLER] learning... AI Analyzing JS 0if-vqkhyn-zc.js[CRAWLER] understanding... AI Analyzing JS 0if-vqkhyn-zc.js[CRAWLER] extracting... AI Analyzing JS 0if-vqkhyn-zc.js[CRAWLER] analyzing... AI Analyzing JS 0if-vqkhyn-zc.js[CRAWLER] mapping... AI Analyzing JS 0if-vqkhyn-zc.js[CRAWLER] discovering... AI Analyzing JS 0if-vqkhyn-zc.js[CRAWLER] learning... AI Analyzing JS 0if-vqkhyn-zc.js[CRAWLER] understanding... AI Analyzing JS 0if-vqkhyn-zc.js[CRAWLER] extracting... AI Analyzing JS 0if-vqkhyn-zc.js[CRAWLER] analyzing... AI Analyzing JS 0if-vqkhyn-zc.js[CRAWLER] mapping... AI Analyzing JS 0if-vqkhyn-zc.js[CRAWLER] discovering... AI Analyzing JS 0if-vqkhyn-zc.js[CRAWLER] learning... AI Analyzing JS 0if-vqkhyn-zc.js[CRAWLER] understanding... AI Analyzing JS 0if-vqkhyn-zc.js[CRAWLER] extracting... AI Analyzing JS 0if-vqkhyn-zc.js[CRAWLER] analyzing... AI Analyzing JS 0if-vqkhyn-zc.js[CRAWLER] mapping... AI Analyzing JS 0if-vqkhyn-zc.js[CRAWLER] discovering... AI Analyzing JS 0if-vqkhyn-zc.js[CRAWLER] learning... AI Analyzing JS 0if-vqkhyn-zc.js[CRAWLER] understanding... AI Analyzing JS 0if-vqkhyn-zc.js[CRAWLER] extracting... AI Analyzing JS 0if-vqkhyn-zc.js[CRAWLER] analyzing... AI Analyzing JS 0if-vqkhyn-zc.js[CRAWLER] mapping... AI Analyzing JS 0if-vqkhyn-zc.js[CRAWLER] discovering... AI Analyzing JS 0if-vqkhyn-zc.js[CRAWLER] learning... AI Analyzing JS 0if-vqkhyn-zc.js[CRAWLER] understanding... AI Analyzing JS 0if-vqkhyn-zc.js[CRAWLER] extracting... AI Analyzing JS 0if-vqkhyn-zc.js[CRAWLER] analyzing... AI Analyzing JS 0if-vqkhyn-zc.js[CRAWLER] mapping... AI Analyzing JS 0if-vqkhyn-zc.js[CRAWLER] discovering... AI Analyzing JS 0if-vqkhyn-zc.js[CRAWLER] learning... AI Analyzing JS 0if-vqkhyn-zc.js[CRAWLER] understanding... AI Analyzing JS 0if-vqkhyn-zc.js[CRAWLER] extracting... AI Analyzing JS 0if-vqkhyn-zc.js[CRAWLER] analyzing... AI Analyzing JS 0if-vqkhyn-zc.js[CRAWLER] mapping... AI Analyzing JS 0if-vqkhyn-zc.js[CRAWLER] discovering... AI Analyzing JS 0if-vqkhyn-zc.js[CRAWLER] learning... AI Analyzing JS 0if-vqkhyn-zc.js[CRAWLER] understanding... AI Analyzing JS 0if-vqkhyn-zc.js[CRAWLER] extracting... AI Analyzing JS 0if-vqkhyn-zc.js[CRAWLER] analyzing... AI Analyzing JS 0if-vqkhyn-zc.js[CRAWLER] mapping... AI Analyzing JS 0if-vqkhyn-zc.js[CRAWLER] discovering... AI Analyzing JS 0if-vqkhyn-zc.js[CRAWLER] learning... AI Analyzing JS 0if-vqkhyn-zc.js[CRAWLER] understanding... AI Analyzing JS 0if-vqkhyn-zc.js[CRAWLER] extracting... AI Analyzing JS 0if-vqkhyn-zc.js[CRAWLER] analyzing... AI Analyzing JS 0if-vqkhyn-zc.js[CRAWLER] mapping... AI Analyzing JS 0if-vqkhyn-zc.js[CRAWLER] discovering... AI Analyzing JS 0if-vqkhyn-zc.js[CRAWLER] learning... AI Analyzing JS 0if-vqkhyn-zc.js[CRAWLER] understanding... AI Analyzing JS 0if-vqkhyn-zc.js[CRAWLER] extracting... AI Analyzing JS 0if-vqkhyn-zc.js[CRAWLER] analyzing... AI Analyzing JS 0if-vqkhyn-zc.js[CRAWLER] mapping... AI Analyzing JS 0if-vqkhyn-zc.js[CRAWLER] discovering... AI Analyzing JS 0if-vqkhyn-zc.js[CRAWLER] learning... AI Analyzing JS 0if-vqkhyn-zc.js[CRAWLER] understanding... AI Analyzing JS 0if-vqkhyn-zc.js[CRAWLER] extracting... AI Analyzing JS 0if-vqkhyn-zc.js[CRAWLER] analyzing... AI Analyzing JS 0if-vqkhyn-zc.js[CRAWLER] mapping... AI Analyzing JS 0if-vqkhyn-zc.js[CRAWLER] discovering... AI Analyzing JS 0if-vqkhyn-zc.js[CRAWLER] learning... AI Analyzing JS 0if-vqkhyn-zc.js[CRAWLER] understanding... AI Analyzing JS 0if-vqkhyn-zc.js[CRAWLER] extracting... AI Analyzing JS 0if-vqkhyn-zc.js[CRAWLER] analyzing... AI Analyzing JS 0if-vqkhyn-zc.js[CRAWLER] mapping... AI Analyzing JS 0if-vqkhyn-zc.js[CRAWLER] discovering... AI Analyzing JS 0if-vqkhyn-zc.js[CRAWLER] learning... AI Analyzing JS 0if-vqkhyn-zc.js[CRAWLER] understanding... AI Analyzing JS 0if-vqkhyn-zc.js[CRAWLER] extracting... AI Analyzing JS 0if-vqkhyn-zc.js[CRAWLER] analyzing... AI Analyzing JS 0if-vqkhyn-zc.js[CRAWLER] mapping... AI Analyzing JS 0if-vqkhyn-zc.js[CRAWLER] discovering... AI Analyzing JS 0if-vqkhyn-zc.js[CRAWLER] learning... AI Analyzing JS 0if-vqkhyn-zc.js[CRAWLER] understanding... AI Analyzing JS 0if-vqkhyn-zc.js[CRAWLER] extracting... AI Analyzing JS 0if-vqkhyn-zc.js[CRAWLER] analyzing... AI Analyzing JS 0if-vqkhyn-zc.js[CRAWLER] mapping... AI Analyzing JS 0if-vqkhyn-zc.js[CRAWLER] discovering... AI Analyzing JS 0if-vqkhyn-zc.js[CRAWLER] learning... AI Analyzing JS 0if-vqkhyn-zc.js[CRAWLER] understanding... AI Analyzing JS 0if-vqkhyn-zc.js[CRAWLER] extracting... AI Analyzing JS 0if-vqkhyn-zc.js[CRAWLER] analyzing... AI Analyzing JS 0if-vqkhyn-zc.js[CRAWLER] mapping... AI Analyzing JS 0if-vqkhyn-zc.js[CRAWLER] discovering... AI Analyzing JS 0if-vqkhyn-zc.js[CRAWLER] learning... AI Analyzing JS 0if-vqkhyn-zc.js[CRAWLER] understanding... AI Analyzing JS 0if-vqkhyn-zc.js[CRAWLER] extracting... AI Analyzing JS 0if-vqkhyn-zc.js[CRAWLER] analyzing... AI Analyzing JS 0if-vqkhyn-zc.js[CRAWLER] mapping... AI Analyzing JS 0if-vqkhyn-zc.js[CRAWLER] discovering... AI Analyzing JS 0if-vqkhyn-zc.js[CRAWLER] learning... AI Analyzing JS 0if-vqkhyn-zc.js[CRAWLER] understanding... AI Analyzing JS 0if-vqkhyn-zc.js[CRAWLER] extracting... AI Analyzing JS 0if-vqkhyn-zc.js[CRAWLER] analyzing... AI Analyzing JS 0if-vqkhyn-zc.js[CRAWLER] mapping... AI Analyzing JS 0if-vqkhyn-zc.js[CRAWLER] discovering... AI Analyzing JS 0if-vqkhyn-zc.js[CRAWLER] learning... AI Analyzing JS 0if-vqkhyn-zc.js[CRAWLER] understanding... AI Analyzing JS 0if-vqkhyn-zc.js[CRAWLER] extracting... AI Analyzing JS 0if-vqkhyn-zc.js[CRAWLER] analyzing... AI Analyzing JS 0if-vqkhyn-zc.js[CRAWLER] mapping... AI Analyzing JS 0if-vqkhyn-zc.js[CRAWLER] discovering... AI Analyzing JS 0if-vqkhyn-zc.js[CRAWLER] learning... AI Analyzing JS 0if-vqkhyn-zc.js[CRAWLER] understanding... AI Analyzing JS 0if-vqkhyn-zc.js[CRAWLER] extracting... AI Analyzing JS 0if-vqkhyn-zc.js[CRAWLER] analyzing... AI Analyzing JS 0if-vqkhyn-zc.js[CRAWLER] mapping... AI Analyzing JS 0if-vqkhyn-zc.js[CRAWLER] discovering... AI Analyzing JS 0if-vqkhyn-zc.js[CRAWLER] learning... AI Analyzing JS 0if-vqkhyn-zc.js[CRAWLER] understanding... AI Analyzing JS 0if-vqkhyn-zc.js[CRAWLER] extracting... AI Analyzing JS 0if-vqkhyn-zc.js[CRAWLER] analyzing... AI Analyzing JS 0if-vqkhyn-zc.js[CRAWLER] mapping... AI Analyzing JS 0if-vqkhyn-zc.js[CRAWLER] discovering... AI Analyzing JS 0if-vqkhyn-zc.js[CRAWLER] learning... AI Analyzing JS 0if-vqkhyn-zc.js[CRAWLER] understanding... AI Analyzing JS 0if-vqkhyn-zc.js[CRAWLER] extracting... AI Analyzing JS 0if-vqkhyn-zc.js[CRAWLER] analyzing... AI Analyzing JS 0if-vqkhyn-zc.js[CRAWLER] mapping... AI Analyzing JS 0if-vqkhyn-zc.js[CRAWLER] discovering... AI Analyzing JS 0if-vqkhyn-zc.js[CRAWLER] learning... AI Analyzing JS 0if-vqkhyn-zc.js[CRAWLER] understanding... AI Analyzing JS 0if-vqkhyn-zc.js[CRAWLER] extracting... AI Analyzing JS 0if-vqkhyn-zc.js[CRAWLER] analyzing... AI Analyzing JS 0if-vqkhyn-zc.js[CRAWLER] mapping... AI Analyzing JS 0if-vqkhyn-zc.js[CRAWLER] discovering... AI Analyzing JS 0if-vqkhyn-zc.js[CRAWLER] learning... AI Analyzing JS 0if-vqkhyn-zc.js[CRAWLER] understanding... AI Analyzing JS 0if-vqkhyn-zc.js[CRAWLER] extracting... AI Analyzing JS 0if-vqkhyn-zc.js[CRAWLER] analyzing... AI Analyzing JS 0if-vqkhyn-zc.js[CRAWLER] mapping... AI Analyzing JS 0if-vqkhyn-zc.js[CRAWLER] discovering... AI Analyzing JS 0if-vqkhyn-zc.js[CRAWLER] learning... AI Analyzing JS 0if-vqkhyn-zc.js[CRAWLER] understanding... AI Analyzing JS 0if-vqkhyn-zc.js[CRAWLER] extracting... AI Analyzing JS 0if-vqkhyn-zc.js[CRAWLER] analyzing... AI Analyzing JS 0if-vqkhyn-zc.js[CRAWLER] mapping... AI Analyzing JS 0if-vqkhyn-zc.js[CRAWLER] discovering... AI Analyzing JS 0if-vqkhyn-zc.js[CRAWLER] learning... AI Analyzing JS 0if-vqkhyn-zc.js[CRAWLER] understanding... AI Analyzing JS 0if-vqkhyn-zc.js[CRAWLER] extracting... AI Analyzing JS 0if-vqkhyn-zc.js[CRAWLER] analyzing... AI Analyzing JS 0if-vqkhyn-zc.js[CRAWLER] mapping... AI Analyzing JS 0if-vqkhyn-zc.js[CRAWLER] discovering... AI Analyzing JS 0if-vqkhyn-zc.js[CRAWLER] learning... AI Analyzing JS 0if-vqkhyn-zc.js[CRAWLER] understanding... AI Analyzing JS 0if-vqkhyn-zc.js[CRAWLER] extracting... AI Analyzing JS 0if-vqkhyn-zc.js[CRAWLER] analyzing... AI Analyzing JS 0if-vqkhyn-zc.js[CRAWLER] mapping... AI Analyzing JS 0if-vqkhyn-zc.js[CRAWLER] discovering... AI Analyzing JS 0if-vqkhyn-zc.js[CRAWLER] learning... AI Analyzing JS 0if-vqkhyn-zc.js[CRAWLER] understanding... AI Analyzing JS 0if-vqkhyn-zc.js[CRAWLER] extracting... AI Analyzing JS 0if-vqkhyn-zc.js[CRAWLER] analyzing... AI Analyzing JS 0if-vqkhyn-zc.js[CRAWLER] mapping... AI Analyzing JS 0if-vqkhyn-zc.js[CRAWLER] discovering... AI Analyzing JS 0if-vqkhyn-zc.js[CRAWLER] learning... AI Analyzing JS 0if-vqkhyn-zc.js[CRAWLER] understanding... AI Analyzing JS 0if-vqkhyn-zc.js[CRAWLER] extracting... AI Analyzing JS 0if-vqkhyn-zc.js[CRAWLER] analyzing... AI Analyzing JS 0if-vqkhyn-zc.js[CRAWLER] mapping... AI Analyzing JS 0if-vqkhyn-zc.js[CRAWLER] discovering... AI Analyzing JS 0if-vqkhyn-zc.js[CRAWLER] learning... AI Analyzing JS 0if-vqkhyn-zc.js[CRAWLER] understanding... AI Analyzing JS 0if-vqkhyn-zc.js[CRAWLER] extracting... AI Analyzing JS 0if-vqkhyn-zc.js[CRAWLER] analyzing... AI Analyzing JS 0if-vqkhyn-zc.js[CRAWLER] mapping... AI Analyzing JS 0if-vqkhyn-zc.js[CRAWLER] discovering... AI Analyzing JS 0if-vqkhyn-zc.js[CRAWLER] learning... AI Analyzing JS 0if-vqkhyn-zc.js[CRAWLER] understanding... AI Analyzing JS 0if-vqkhyn-zc.js[CRAWLER] extracting... AI Analyzing JS 0if-vqkhyn-zc.js[CRAWLER] analyzing... AI Analyzing JS 0if-vqkhyn-zc.js[CRAWLER] mapping... AI Analyzing JS 0if-vqkhyn-zc.js[CRAWLER] discovering... AI Analyzing JS 0if-vqkhyn-zc.js[CRAWLER] learning... AI Analyzing JS 0if-vqkhyn-zc.js[CRAWLER] understanding... AI Analyzing JS 0if-vqkhyn-zc.js[CRAWLER] extracting... AI Analyzing JS 0if-vqkhyn-zc.js[CRAWLER] analyzing... AI Analyzing JS 0if-vqkhyn-zc.js[CRAWLER] mapping... AI Analyzing JS 0if-vqkhyn-zc.js[CRAWLER] discovering... AI Analyzing JS 0if-vqkhyn-zc.js[CRAWLER] learning... AI Analyzing JS 0if-vqkhyn-zc.js[CRAWLER] understanding... AI Analyzing JS 0if-vqkhyn-zc.js[CRAWLER] extracting... AI Analyzing JS 0if-vqkhyn-zc.js[CRAWLER] analyzing... AI Analyzing JS 0if-vqkhyn-zc.js[CRAWLER] mapping... AI Analyzing JS 0if-vqkhyn-zc.js[CRAWLER] discovering... AI Analyzing JS 0if-vqkhyn-zc.js[CRAWLER] learning... AI Analyzing JS 0if-vqkhyn-zc.js[CRAWLER] understanding... AI Analyzing JS 0if-vqkhyn-zc.js[CRAWLER] extracting... AI Analyzing JS 0if-vqkhyn-zc.js[CRAWLER] analyzing... AI Analyzing JS 0if-vqkhyn-zc.js[CRAWLER] mapping... AI Analyzing JS 0if-vqkhyn-zc.js[CRAWLER] discovering... AI Analyzing JS 0if-vqkhyn-zc.js[CRAWLER] learning... AI Analyzing JS 0if-vqkhyn-zc.js[CRAWLER] understanding... AI Analyzing JS 0if-vqkhyn-zc.js[CRAWLER] extracting... AI Analyzing JS 0if-vqkhyn-zc.js[CRAWLER] analyzing... AI Analyzing JS 0if-vqkhyn-zc.js[CRAWLER] mapping... AI Analyzing JS 0if-vqkhyn-zc.js[CRAWLER] discovering... AI Analyzing JS 0if-vqkhyn-zc.js[CRAWLER] learning... AI Analyzing JS 0if-vqkhyn-zc.js[CRAWLER] understanding... AI Analyzing JS 0if-vqkhyn-zc.js[CRAWLER] extracting... AI Analyzing JS 0if-vqkhyn-zc.js[CRAWLER] analyzing... AI Analyzing JS 0if-vqkhyn-zc.js[CRAWLER] mapping... AI Analyzing JS 0if-vqkhyn-zc.js[CRAWLER] discovering... AI Analyzing JS 0if-vqkhyn-zc.js[CRAWLER] learning... AI Analyzing JS 0if-vqkhyn-zc.js[CRAWLER] understanding... AI Analyzing JS 0if-vqkhyn-zc.js[CRAWLER] extracting... AI Analyzing JS 0if-vqkhyn-zc.js[CRAWLER] analyzing... AI Analyzing JS 0if-vqkhyn-zc.js[CRAWLER] mapping... AI Analyzing JS 0if-vqkhyn-zc.js[CRAWLER] discovering... AI Analyzing JS 0if-vqkhyn-zc.js[CRAWLER] learning... AI Analyzing JS 0if-vqkhyn-zc.js[CRAWLER] understanding... AI Analyzing JS 0if-vqkhyn-zc.js[CRAWLER] extracting... AI Analyzing JS 0if-vqkhyn-zc.js[CRAWLER] analyzing... AI Analyzing JS 0if-vqkhyn-zc.js[CRAWLER] mapping... AI Analyzing JS 0if-vqkhyn-zc.js[CRAWLER] discovering... AI Analyzing JS 0if-vqkhyn-zc.js[CRAWLER] learning... AI Analyzing JS 0if-vqkhyn-zc.js[CRAWLER] understanding... AI Analyzing JS 0if-vqkhyn-zc.js[CRAWLER] extracting... AI Analyzing JS 0if-vqkhyn-zc.js[CRAWLER] analyzing... AI Analyzing JS 0if-vqkhyn-zc.js[CRAWLER] mapping... AI Analyzing JS 0if-vqkhyn-zc.js[CRAWLER] discovering... AI Analyzing JS 0if-vqkhyn-zc.js[CRAWLER] learning... AI Analyzing JS 0if-vqkhyn-zc.js[CRAWLER] understanding... AI Analyzing JS 0if-vqkhyn-zc.js[CRAWLER] extracting... AI Analyzing JS 0if-vqkhyn-zc.js[CRAWLER] analyzing... AI Analyzing JS 0if-vqkhyn-zc.js[CRAWLER] mapping... AI Analyzing JS 0if-vqkhyn-zc.js[CRAWLER] discovering... AI Analyzing JS 0if-vqkhyn-zc.js[CRAWLER] learning... AI Analyzing JS 0if-vqkhyn-zc.js[CRAWLER] understanding... AI Analyzing JS 0if-vqkhyn-zc.js[CRAWLER] extracting... AI Analyzing JS 0if-vqkhyn-zc.js[CRAWLER] analyzing... AI Analyzing JS 0if-vqkhyn-zc.js[CRAWLER] mapping... AI Analyzing JS 0if-vqkhyn-zc.js[CRAWLER] discovering... AI Analyzing JS 0if-vqkhyn-zc.js[CRAWLER] learning... AI Analyzing JS 0if-vqkhyn-zc.js[CRAWLER] understanding... AI Analyzing JS 0if-vqkhyn-zc.js[CRAWLER] extracting... AI Analyzing JS 0b97ru7dumdtt.js[CRAWLER] analyzing... AI Analyzing JS 0b97ru7dumdtt.js[CRAWLER] mapping... AI Analyzing JS 0b97ru7dumdtt.js[CRAWLER] discovering... AI Analyzing JS 0b97ru7dumdtt.js[CRAWLER] learning... AI Analyzing JS 0b97ru7dumdtt.js[CRAWLER] understanding... AI Analyzing JS 0b97ru7dumdtt.js[CRAWLER] extracting... AI Analyzing JS 0b97ru7dumdtt.js[CRAWLER] analyzing... AI Analyzing JS 0b97ru7dumdtt.js[CRAWLER] mapping... AI Analyzing JS 0b97ru7dumdtt.js[CRAWLER] discovering... AI Analyzing JS 0b97ru7dumdtt.js[CRAWLER] learning... AI Analyzing JS 0b97ru7dumdtt.js[CRAWLER] understanding... AI Analyzing JS 0b97ru7dumdtt.js[CRAWLER] extracting... AI Analyzing JS 0b97ru7dumdtt.js[CRAWLER] analyzing... AI Analyzing JS 0b97ru7dumdtt.js[CRAWLER] mapping... AI Analyzing JS 0b97ru7dumdtt.js[CRAWLER] discovering... AI Analyzing JS 0b97ru7dumdtt.js[CRAWLER] learning... AI Analyzing JS 0b97ru7dumdtt.js[CRAWLER] understanding... AI Analyzing JS 0b97ru7dumdtt.js[CRAWLER] extracting... AI Analyzing JS 0b97ru7dumdtt.js[CRAWLER] analyzing... AI Analyzing JS 0b97ru7dumdtt.js[CRAWLER] mapping... AI Analyzing JS 0b97ru7dumdtt.js[CRAWLER] discovering... AI Analyzing JS 0b97ru7dumdtt.js[CRAWLER] learning... AI Analyzing JS 0b97ru7dumdtt.js[CRAWLER] understanding... AI Analyzing JS 0b97ru7dumdtt.js[CRAWLER] extracting... AI Analyzing JS 0b97ru7dumdtt.js[CRAWLER] analyzing... AI Analyzing JS 0b97ru7dumdtt.js[CRAWLER] mapping... AI Analyzing JS 0b97ru7dumdtt.js[CRAWLER] discovering... AI Analyzing JS 0b97ru7dumdtt.js[CRAWLER] learning... AI Analyzing JS 0b97ru7dumdtt.js[CRAWLER] understanding... AI Analyzing JS 0b97ru7dumdtt.js[CRAWLER] extracting... AI Analyzing JS 0b97ru7dumdtt.js[CRAWLER] analyzing... AI Analyzing JS 0b97ru7dumdtt.js[CRAWLER] mapping... AI Analyzing JS 0b97ru7dumdtt.js[CRAWLER] discovering... AI Analyzing JS 0b97ru7dumdtt.js[CRAWLER] learning... AI Analyzing JS 0b97ru7dumdtt.js[CRAWLER] understanding... AI Analyzing JS 0b97ru7dumdtt.js[CRAWLER] extracting... AI Analyzing JS 0b97ru7dumdtt.js[CRAWLER] analyzing... AI Analyzing JS 0b97ru7dumdtt.js[CRAWLER] mapping... AI Analyzing JS 0b97ru7dumdtt.js[CRAWLER] discovering... AI Analyzing JS 0b97ru7dumdtt.js[CRAWLER] learning... AI Analyzing JS 0b97ru7dumdtt.js[CRAWLER] understanding... AI Analyzing JS 0b97ru7dumdtt.js[CRAWLER] extracting... AI Analyzing JS 0b97ru7dumdtt.js[CRAWLER] analyzing... AI Analyzing JS 0b97ru7dumdtt.js[CRAWLER] mapping... AI Analyzing JS 0b97ru7dumdtt.js[CRAWLER] discovering... AI Analyzing JS 0b97ru7dumdtt.js[CRAWLER] learning... AI Analyzing JS 0b97ru7dumdtt.js[CRAWLER] understanding... AI Analyzing JS 0b97ru7dumdtt.js[CRAWLER] extracting... AI Analyzing JS 0b97ru7dumdtt.js[CRAWLER] analyzing... AI Analyzing JS 0b97ru7dumdtt.js[CRAWLER] mapping... AI Analyzing JS 0b97ru7dumdtt.js[CRAWLER] discovering... AI Analyzing JS 0b97ru7dumdtt.js[CRAWLER] learning... AI Analyzing JS 0b97ru7dumdtt.js[CRAWLER] understanding... AI Analyzing JS 0b97ru7dumdtt.js[CRAWLER] extracting... AI Analyzing JS 0b97ru7dumdtt.js[CRAWLER] analyzing... AI Analyzing JS 0b97ru7dumdtt.js[CRAWLER] mapping... AI Analyzing JS 0b97ru7dumdtt.js[CRAWLER] discovering... AI Analyzing JS 0b97ru7dumdtt.js[CRAWLER] learning... AI Analyzing JS 0b97ru7dumdtt.js[CRAWLER] understanding... AI Analyzing JS 0b97ru7dumdtt.js[CRAWLER] extracting... AI Analyzing JS 0b97ru7dumdtt.js[CRAWLER] analyzing... AI Analyzing JS 0b97ru7dumdtt.js[CRAWLER] mapping... AI Analyzing JS 0b97ru7dumdtt.js[CRAWLER] discovering... AI Analyzing JS 0b97ru7dumdtt.js[CRAWLER] learning... AI Analyzing JS 0b97ru7dumdtt.js[CRAWLER] understanding... AI Analyzing JS 0b97ru7dumdtt.js[CRAWLER] extracting... AI Analyzing JS 0b97ru7dumdtt.js[CRAWLER] analyzing... AI Analyzing JS 0b97ru7dumdtt.js[CRAWLER] mapping... AI Analyzing JS 0b97ru7dumdtt.js[CRAWLER] discovering... AI Analyzing JS 0b97ru7dumdtt.js[CRAWLER] learning... AI Analyzing JS 0b97ru7dumdtt.js[CRAWLER] understanding... AI Analyzing JS 0b97ru7dumdtt.js[CRAWLER] extracting... AI Analyzing JS 0b97ru7dumdtt.js[CRAWLER] analyzing... AI Analyzing JS 0b97ru7dumdtt.js[CRAWLER] mapping... AI Analyzing JS 0b97ru7dumdtt.js[CRAWLER] discovering... AI Analyzing JS 0b97ru7dumdtt.js[CRAWLER] learning... AI Analyzing JS 0b97ru7dumdtt.js[CRAWLER] understanding... AI Analyzing JS 0b97ru7dumdtt.js[CRAWLER] extracting... AI Analyzing JS 0b97ru7dumdtt.js[CRAWLER] analyzing... AI Analyzing JS 0b97ru7dumdtt.js[CRAWLER] mapping... AI Analyzing JS 0b97ru7dumdtt.js[CRAWLER] discovering... AI Analyzing JS 0b97ru7dumdtt.js[CRAWLER] learning... AI Analyzing JS 0b97ru7dumdtt.js[CRAWLER] understanding... AI Analyzing JS 0b97ru7dumdtt.js[CRAWLER] extracting... AI Analyzing JS 0b97ru7dumdtt.js[CRAWLER] analyzing... AI Analyzing JS 0b97ru7dumdtt.js[CRAWLER] mapping... AI Analyzing JS 0b97ru7dumdtt.js[CRAWLER] discovering... AI Analyzing JS 0b97ru7dumdtt.js[CRAWLER] learning... AI Analyzing JS 0b97ru7dumdtt.js[CRAWLER] understanding... AI Analyzing JS 0b97ru7dumdtt.js[CRAWLER] extracting... AI Analyzing JS 0b97ru7dumdtt.js[CRAWLER] analyzing... AI Analyzing JS 0b97ru7dumdtt.js[CRAWLER] mapping... AI Analyzing JS 0b97ru7dumdtt.js[CRAWLER] discovering... AI Analyzing JS 0b97ru7dumdtt.js[CRAWLER] learning... AI Analyzing JS 0b97ru7dumdtt.js[CRAWLER] understanding... AI Analyzing JS 0b97ru7dumdtt.js[CRAWLER] extracting... AI Analyzing JS 0b97ru7dumdtt.js[CRAWLER] analyzing... AI Analyzing JS 0b97ru7dumdtt.js[CRAWLER] mapping... AI Analyzing JS 0b97ru7dumdtt.js[CRAWLER] discovering... AI Analyzing JS 0b97ru7dumdtt.js[CRAWLER] learning... AI Analyzing JS 0b97ru7dumdtt.js[CRAWLER] understanding... AI Analyzing JS 0b97ru7dumdtt.js[CRAWLER] extracting... AI Analyzing JS 0b97ru7dumdtt.js[CRAWLER] analyzing... AI Analyzing JS 0b97ru7dumdtt.js[CRAWLER] mapping... AI Analyzing JS 0b97ru7dumdtt.js[CRAWLER] discovering... AI Analyzing JS 0b97ru7dumdtt.js[CRAWLER] learning... AI Analyzing JS 0b97ru7dumdtt.js[CRAWLER] understanding... AI Analyzing JS 0b97ru7dumdtt.js[CRAWLER] extracting... AI Analyzing JS 0b97ru7dumdtt.js[CRAWLER] analyzing... AI Analyzing JS 0b97ru7dumdtt.js[CRAWLER] mapping... AI Analyzing JS 0b97ru7dumdtt.js[CRAWLER] discovering... AI Analyzing JS 0b97ru7dumdtt.js[CRAWLER] learning... AI Analyzing JS 0b97ru7dumdtt.js[CRAWLER] understanding... AI Analyzing JS 0b97ru7dumdtt.js[CRAWLER] extracting... AI Analyzing JS 0b97ru7dumdtt.js[CRAWLER] analyzing... AI Analyzing JS 0b97ru7dumdtt.js[CRAWLER] mapping... AI Analyzing JS 0b97ru7dumdtt.js[CRAWLER] discovering... AI Analyzing JS 0b97ru7dumdtt.js[CRAWLER] learning... AI Analyzing JS 0b97ru7dumdtt.js[CRAWLER] understanding... AI Analyzing JS 0b97ru7dumdtt.js[CRAWLER] extracting... AI Analyzing JS 0b97ru7dumdtt.js[CRAWLER] analyzing... AI Analyzing JS 0b97ru7dumdtt.js[CRAWLER] mapping... AI Analyzing JS 0b97ru7dumdtt.js[CRAWLER] discovering... AI Analyzing JS 0b97ru7dumdtt.js[CRAWLER] learning... AI Analyzing JS 0b97ru7dumdtt.js[CRAWLER] understanding... AI Analyzing JS 0b97ru7dumdtt.js[CRAWLER] extracting... AI Analyzing JS 0b97ru7dumdtt.js[CRAWLER] analyzing... AI Analyzing JS 0b97ru7dumdtt.js[CRAWLER] mapping... AI Analyzing JS 0b97ru7dumdtt.js[CRAWLER] discovering... AI Analyzing JS 0b97ru7dumdtt.js[CRAWLER] learning... AI Analyzing JS 0b97ru7dumdtt.js[CRAWLER] understanding... AI Analyzing JS 0b97ru7dumdtt.js[CRAWLER] extracting... AI Analyzing JS 0b97ru7dumdtt.js[CRAWLER] analyzing... AI Analyzing JS 0b97ru7dumdtt.js[CRAWLER] mapping... AI Analyzing JS 0b97ru7dumdtt.js[CRAWLER] discovering... AI Analyzing JS 0b97ru7dumdtt.js[CRAWLER] learning... AI Analyzing JS 0b97ru7dumdtt.js[CRAWLER] understanding... AI Analyzing JS 0b97ru7dumdtt.js[CRAWLER] extracting... AI Analyzing JS 0b97ru7dumdtt.js[CRAWLER] analyzing... AI Analyzing JS 0b97ru7dumdtt.js[CRAWLER] mapping... AI Analyzing JS 0b97ru7dumdtt.js[CRAWLER] discovering... AI Analyzing JS 0b97ru7dumdtt.js[CRAWLER] learning... AI Analyzing JS 0b97ru7dumdtt.js[CRAWLER] understanding... AI Analyzing JS 0b97ru7dumdtt.js[CRAWLER] extracting... AI Analyzing JS 0b97ru7dumdtt.js[CRAWLER] analyzing... AI Analyzing JS 0b97ru7dumdtt.js[CRAWLER] mapping... AI Analyzing JS 0b97ru7dumdtt.js[CRAWLER] discovering... AI Analyzing JS 0b97ru7dumdtt.js[CRAWLER] learning... AI Analyzing JS 0b97ru7dumdtt.js[CRAWLER] understanding... AI Analyzing JS 0b97ru7dumdtt.js[CRAWLER] extracting... AI Analyzing JS 0b97ru7dumdtt.js[CRAWLER] analyzing... AI Analyzing JS 0b97ru7dumdtt.js[CRAWLER] mapping... AI Analyzing JS 0b97ru7dumdtt.js[CRAWLER] discovering... AI Analyzing JS 0b97ru7dumdtt.js[CRAWLER] learning... AI Analyzing JS 0b97ru7dumdtt.js[CRAWLER] understanding... AI Analyzing JS 0b97ru7dumdtt.js[CRAWLER] extracting... AI Analyzing JS 0b97ru7dumdtt.js[CRAWLER] analyzing... AI Analyzing JS 0b97ru7dumdtt.js[CRAWLER] mapping... AI Analyzing JS 0b97ru7dumdtt.js[CRAWLER] discovering... AI Analyzing JS 0b97ru7dumdtt.js[CRAWLER] learning... AI Analyzing JS 0b97ru7dumdtt.js[CRAWLER] understanding... AI Analyzing JS 0b97ru7dumdtt.js[CRAWLER] extracting... AI Analyzing JS 0b97ru7dumdtt.js[CRAWLER] analyzing... AI Analyzing JS 0b97ru7dumdtt.js[CRAWLER] mapping... AI Analyzing JS 0b97ru7dumdtt.js[CRAWLER] discovering... AI Analyzing JS 0b97ru7dumdtt.js[CRAWLER] learning... AI Analyzing JS 0b97ru7dumdtt.js[CRAWLER] understanding... AI Analyzing JS 0b97ru7dumdtt.js[CRAWLER] extracting... AI Analyzing JS 0b97ru7dumdtt.js[CRAWLER] analyzing... AI Analyzing JS 0b97ru7dumdtt.js[CRAWLER] mapping... AI Analyzing JS 0b97ru7dumdtt.js[CRAWLER] discovering... AI Analyzing JS 0b97ru7dumdtt.js[CRAWLER] learning... AI Analyzing JS 0b97ru7dumdtt.js[CRAWLER] understanding... AI Analyzing JS 0b97ru7dumdtt.js[CRAWLER] extracting... AI Analyzing JS 0b97ru7dumdtt.js[CRAWLER] analyzing... AI Analyzing JS 0b97ru7dumdtt.js[CRAWLER] mapping... AI Analyzing JS 0b97ru7dumdtt.js[CRAWLER] discovering... AI Analyzing JS 0b97ru7dumdtt.js[CRAWLER] learning... AI Analyzing JS 0b97ru7dumdtt.js[CRAWLER] understanding... AI Analyzing JS 0b97ru7dumdtt.js[CRAWLER] extracting... AI Analyzing JS 0b97ru7dumdtt.js[CRAWLER] analyzing... AI Analyzing JS 0b97ru7dumdtt.js[CRAWLER] mapping... AI Analyzing JS 0b97ru7dumdtt.js[CRAWLER] discovering... AI Analyzing JS 0b97ru7dumdtt.js[CRAWLER] learning... AI Analyzing JS 0b97ru7dumdtt.js[CRAWLER] understanding... AI Analyzing JS 0b97ru7dumdtt.js[CRAWLER] extracting... AI Analyzing JS 0b97ru7dumdtt.js[CRAWLER] analyzing... AI Analyzing JS 0b97ru7dumdtt.js[CRAWLER] mapping... AI Analyzing JS 0b97ru7dumdtt.js[CRAWLER] discovering... AI Analyzing JS 0b97ru7dumdtt.js[CRAWLER] learning... AI Analyzing JS 0b97ru7dumdtt.js[CRAWLER] understanding... AI Analyzing JS 0b97ru7dumdtt.js[CRAWLER] extracting... AI Analyzing JS 0b97ru7dumdtt.js[CRAWLER] analyzing... AI Analyzing JS 0b97ru7dumdtt.js[CRAWLER] mapping... AI Analyzing JS 0b97ru7dumdtt.js[CRAWLER] discovering... AI Analyzing JS 0b97ru7dumdtt.js[CRAWLER] learning... AI Analyzing JS 0b97ru7dumdtt.js[CRAWLER] understanding... AI Analyzing JS 0b97ru7dumdtt.js[CRAWLER] extracting... AI Analyzing JS 0b97ru7dumdtt.js[CRAWLER] analyzing... AI Analyzing JS 0b97ru7dumdtt.js[CRAWLER] mapping... AI Analyzing JS 0b97ru7dumdtt.js[CRAWLER] discovering... AI Analyzing JS 0b97ru7dumdtt.js[CRAWLER] learning... AI Analyzing JS 0b97ru7dumdtt.js[CRAWLER] understanding... AI Analyzing JS 0b97ru7dumdtt.js[CRAWLER] extracting... AI Analyzing JS 0b97ru7dumdtt.js[CRAWLER] analyzing... AI Analyzing JS 0b97ru7dumdtt.js[CRAWLER] mapping... AI Analyzing JS 0b97ru7dumdtt.js[CRAWLER] discovering... AI Analyzing JS 0b97ru7dumdtt.js[CRAWLER] learning... AI Analyzing JS 0b97ru7dumdtt.js[CRAWLER] understanding... AI Analyzing JS 0b97ru7dumdtt.js[CRAWLER] extracting... AI Analyzing JS 0b97ru7dumdtt.js[CRAWLER] analyzing... AI Analyzing JS 0b97ru7dumdtt.js[CRAWLER] mapping... AI Analyzing JS 0b97ru7dumdtt.js[CRAWLER] discovering... AI Analyzing JS 0b97ru7dumdtt.js[CRAWLER] learning... AI Analyzing JS 0b97ru7dumdtt.js[CRAWLER] understanding... AI Analyzing JS 0b97ru7dumdtt.js[CRAWLER] extracting... AI Analyzing JS 0b97ru7dumdtt.js[CRAWLER] analyzing... AI Analyzing JS 0b97ru7dumdtt.js[CRAWLER] mapping... AI Analyzing JS 0b97ru7dumdtt.js[CRAWLER] discovering... AI Analyzing JS 0b97ru7dumdtt.js[CRAWLER] learning... AI Analyzing JS 0b97ru7dumdtt.js[CRAWLER] understanding... AI Analyzing JS 0b97ru7dumdtt.js[CRAWLER] extracting... AI Analyzing JS 0b97ru7dumdtt.js[CRAWLER] analyzing... AI Analyzing JS 0b97ru7dumdtt.js[CRAWLER] mapping... AI Analyzing JS 0b97ru7dumdtt.js[CRAWLER] discovering... AI Analyzing JS 0b97ru7dumdtt.js[CRAWLER] learning... AI Analyzing JS 0b97ru7dumdtt.js[CRAWLER] understanding... AI Analyzing JS 0b97ru7dumdtt.js[CRAWLER] extracting... AI Analyzing JS 0b97ru7dumdtt.js[CRAWLER] analyzing... AI Analyzing JS 0b97ru7dumdtt.js[CRAWLER] mapping... AI Analyzing JS 0b97ru7dumdtt.js[CRAWLER] discovering... AI Analyzing JS 0b97ru7dumdtt.js[CRAWLER] learning... AI Analyzing JS 0b97ru7dumdtt.js[CRAWLER] understanding... AI Analyzing JS 0b97ru7dumdtt.js[CRAWLER] extracting... AI Analyzing JS 0b97ru7dumdtt.js[CRAWLER] analyzing... AI Analyzing JS 0b97ru7dumdtt.js[CRAWLER] mapping... AI Analyzing JS 0b97ru7dumdtt.js[CRAWLER] discovering... AI Analyzing JS 0b97ru7dumdtt.js[CRAWLER] learning... AI Analyzing JS 0b97ru7dumdtt.js[CRAWLER] understanding... AI Analyzing JS 0b97ru7dumdtt.js[CRAWLER] extracting... AI Analyzing JS 0b97ru7dumdtt.js[CRAWLER] analyzing... AI Analyzing JS 0b97ru7dumdtt.js[CRAWLER] mapping... AI Analyzing JS 0b97ru7dumdtt.js[CRAWLER] discovering... AI Analyzing JS 0b97ru7dumdtt.js[CRAWLER] learning... AI Analyzing JS 0jfrm9h08g95p.js[CRAWLER] understanding... AI Analyzing JS 0jfrm9h08g95p.js[CRAWLER] extracting... AI Analyzing JS 0jfrm9h08g95p.js[CRAWLER] analyzing... AI Analyzing JS 0jfrm9h08g95p.js[CRAWLER] mapping... AI Analyzing JS 0jfrm9h08g95p.js[CRAWLER] discovering... AI Analyzing JS 0jfrm9h08g95p.js[CRAWLER] learning... AI Analyzing JS 0jfrm9h08g95p.js[CRAWLER] understanding... AI Analyzing JS 0jfrm9h08g95p.js[CRAWLER] extracting... AI Analyzing JS 0jfrm9h08g95p.js[CRAWLER] analyzing... AI Analyzing JS 0jfrm9h08g95p.js[CRAWLER] mapping... AI Analyzing JS 0jfrm9h08g95p.js[CRAWLER] discovering... AI Analyzing JS 0jfrm9h08g95p.js[CRAWLER] learning... AI Analyzing JS 0jfrm9h08g95p.js[CRAWLER] understanding... AI Analyzing JS 0jfrm9h08g95p.js[CRAWLER] extracting... AI Analyzing JS 0jfrm9h08g95p.js[CRAWLER] analyzing... AI Analyzing JS 0jfrm9h08g95p.js[CRAWLER] mapping... AI Analyzing JS 0jfrm9h08g95p.js[CRAWLER] discovering... AI Analyzing JS 0jfrm9h08g95p.js[CRAWLER] learning... AI Analyzing JS 0jfrm9h08g95p.js[CRAWLER] understanding... AI Analyzing JS 0jfrm9h08g95p.js[CRAWLER] extracting... AI Analyzing JS 0jfrm9h08g95p.js[CRAWLER] analyzing... AI Analyzing JS 0jfrm9h08g95p.js[CRAWLER] mapping... AI Analyzing JS 0jfrm9h08g95p.js[CRAWLER] discovering... AI Analyzing JS 0jfrm9h08g95p.js[CRAWLER] learning... AI Analyzing JS 0jfrm9h08g95p.js[CRAWLER] understanding... AI Analyzing JS 0jfrm9h08g95p.js[CRAWLER] extracting... AI Analyzing JS 0jfrm9h08g95p.js[CRAWLER] analyzing... AI Analyzing JS 0jfrm9h08g95p.js[CRAWLER] mapping... AI Analyzing JS 0jfrm9h08g95p.js[CRAWLER] discovering... AI Analyzing JS 0jfrm9h08g95p.js[CRAWLER] learning... AI Analyzing JS 0jfrm9h08g95p.js[CRAWLER] understanding... AI Analyzing JS 0jfrm9h08g95p.js[CRAWLER] extracting... AI Analyzing JS 0jfrm9h08g95p.js[CRAWLER] analyzing... AI Analyzing JS 0jfrm9h08g95p.js[CRAWLER] mapping... AI Analyzing JS 0jfrm9h08g95p.js[CRAWLER] discovering... AI Analyzing JS 0jfrm9h08g95p.js[CRAWLER] learning... AI Analyzing JS 0jfrm9h08g95p.js[CRAWLER] understanding... AI Analyzing JS 0jfrm9h08g95p.js[CRAWLER] extracting... AI Analyzing JS 0jfrm9h08g95p.js[CRAWLER] analyzing... AI Analyzing JS 0jfrm9h08g95p.js[CRAWLER] mapping... AI Analyzing JS 0jfrm9h08g95p.js[CRAWLER] discovering... AI Analyzing JS 0jfrm9h08g95p.js[CRAWLER] learning... AI Analyzing JS 0jfrm9h08g95p.js[CRAWLER] understanding... AI Analyzing JS 0jfrm9h08g95p.js[CRAWLER] extracting... AI Analyzing JS 0jfrm9h08g95p.js[CRAWLER] analyzing... AI Analyzing JS 0jfrm9h08g95p.js[CRAWLER] mapping... AI Analyzing JS 0jfrm9h08g95p.js[CRAWLER] discovering... AI Analyzing JS 0jfrm9h08g95p.js[CRAWLER] learning... AI Analyzing JS 0jfrm9h08g95p.js[CRAWLER] understanding... AI Analyzing JS 0jfrm9h08g95p.js[CRAWLER] extracting... AI Analyzing JS 0jfrm9h08g95p.js[CRAWLER] analyzing... AI Analyzing JS 0jfrm9h08g95p.js[CRAWLER] mapping... AI Analyzing JS 0jfrm9h08g95p.js[CRAWLER] discovering... AI Analyzing JS 0jfrm9h08g95p.js[CRAWLER] learning... AI Analyzing JS 0jfrm9h08g95p.js[CRAWLER] understanding... AI Analyzing JS 0jfrm9h08g95p.js[CRAWLER] extracting... AI Analyzing JS 0jfrm9h08g95p.js[CRAWLER] analyzing... AI Analyzing JS 0jfrm9h08g95p.js[CRAWLER] mapping... AI Analyzing JS 0jfrm9h08g95p.js[CRAWLER] discovering... AI Analyzing JS 0jfrm9h08g95p.js[CRAWLER] learning... AI Analyzing JS 0jfrm9h08g95p.js[CRAWLER] understanding... AI Analyzing JS 0jfrm9h08g95p.js[CRAWLER] extracting... AI Analyzing JS 0jfrm9h08g95p.js[CRAWLER] analyzing... AI Analyzing JS 0jfrm9h08g95p.js[CRAWLER] mapping... AI Analyzing JS 0jfrm9h08g95p.js[CRAWLER] discovering... AI Analyzing JS 0jfrm9h08g95p.js[CRAWLER] learning... AI Analyzing JS 0jfrm9h08g95p.js[CRAWLER] understanding... AI Analyzing JS 0jfrm9h08g95p.js[CRAWLER] extracting... AI Analyzing JS 0jfrm9h08g95p.js[CRAWLER] analyzing... AI Analyzing JS 0jfrm9h08g95p.js[CRAWLER] mapping... AI Analyzing JS 0jfrm9h08g95p.js[CRAWLER] discovering... AI Analyzing JS 0jfrm9h08g95p.js[CRAWLER] learning... AI Analyzing JS 0jfrm9h08g95p.js[CRAWLER] understanding... AI Analyzing JS 0jfrm9h08g95p.js[CRAWLER] extracting... AI Analyzing JS 0jfrm9h08g95p.js[CRAWLER] analyzing... AI Analyzing JS 0jfrm9h08g95p.js[CRAWLER] mapping... AI Analyzing JS 0jfrm9h08g95p.js[CRAWLER] discovering... AI Analyzing JS 0jfrm9h08g95p.js[CRAWLER] learning... AI Analyzing JS 0jfrm9h08g95p.js[CRAWLER] understanding... AI Analyzing JS 0jfrm9h08g95p.js[CRAWLER] extracting... AI Analyzing JS 0jfrm9h08g95p.js[CRAWLER] analyzing... AI Analyzing JS 0jfrm9h08g95p.js[CRAWLER] mapping... AI Analyzing JS 0jfrm9h08g95p.js[CRAWLER] discovering... AI Analyzing JS 0jfrm9h08g95p.js[CRAWLER] learning... AI Analyzing JS 0jfrm9h08g95p.js[CRAWLER] understanding... AI Analyzing JS 0jfrm9h08g95p.js[CRAWLER] extracting... AI Analyzing JS 0jfrm9h08g95p.js[CRAWLER] analyzing... AI Analyzing JS 0jfrm9h08g95p.js[CRAWLER] mapping... AI Analyzing JS 0jfrm9h08g95p.js[CRAWLER] discovering... AI Analyzing JS 0jfrm9h08g95p.js[CRAWLER] learning... AI Analyzing JS 0jfrm9h08g95p.js[CRAWLER] understanding... AI Analyzing JS 0jfrm9h08g95p.js[CRAWLER] extracting... AI Analyzing JS 0jfrm9h08g95p.js[CRAWLER] analyzing... AI Analyzing JS 0jfrm9h08g95p.js[CRAWLER] mapping... AI Analyzing JS 0jfrm9h08g95p.js[CRAWLER] discovering... AI Analyzing JS 0jfrm9h08g95p.js[CRAWLER] learning... AI Analyzing JS 0jfrm9h08g95p.js[CRAWLER] understanding... AI Analyzing JS 0jfrm9h08g95p.js[CRAWLER] extracting... AI Analyzing JS 0jfrm9h08g95p.js[CRAWLER] analyzing... AI Analyzing JS 0jfrm9h08g95p.js[CRAWLER] mapping... AI Analyzing JS 0jfrm9h08g95p.js[CRAWLER] discovering... AI Analyzing JS 0jfrm9h08g95p.js[CRAWLER] learning... AI Analyzing JS 0jfrm9h08g95p.js[CRAWLER] understanding... AI Analyzing JS 0jfrm9h08g95p.js[CRAWLER] extracting... AI Analyzing JS 0jfrm9h08g95p.js[CRAWLER] analyzing... AI Analyzing JS 0jfrm9h08g95p.js[CRAWLER] mapping... AI Analyzing JS 0jfrm9h08g95p.js[CRAWLER] discovering... AI Analyzing JS 0jfrm9h08g95p.js[CRAWLER] learning... AI Analyzing JS 0jfrm9h08g95p.js[CRAWLER] understanding... AI Analyzing JS 0jfrm9h08g95p.js[CRAWLER] extracting... AI Analyzing JS 0jfrm9h08g95p.js[CRAWLER] analyzing... AI Analyzing JS 0jfrm9h08g95p.js[CRAWLER] mapping... AI Analyzing JS 0jfrm9h08g95p.js[CRAWLER] discovering... AI Analyzing JS 0jfrm9h08g95p.js[CRAWLER] learning... AI Analyzing JS 0jfrm9h08g95p.js[CRAWLER] understanding... AI Analyzing JS 0jfrm9h08g95p.js[CRAWLER] extracting... AI Analyzing JS 0jfrm9h08g95p.js[CRAWLER] analyzing... AI Analyzing JS 0jfrm9h08g95p.js[CRAWLER] mapping... AI Analyzing JS 0jfrm9h08g95p.js[CRAWLER] discovering... AI Analyzing JS 0jfrm9h08g95p.js[CRAWLER] learning... AI Analyzing JS 0jfrm9h08g95p.js[CRAWLER] understanding... AI Analyzing JS 0jfrm9h08g95p.js[CRAWLER] extracting... AI Analyzing JS 0jfrm9h08g95p.js[CRAWLER] analyzing... AI Analyzing JS 0jfrm9h08g95p.js[CRAWLER] mapping... AI Analyzing JS 0jfrm9h08g95p.js[CRAWLER] discovering... AI Analyzing JS 0jfrm9h08g95p.js[CRAWLER] learning... AI Analyzing JS 0jfrm9h08g95p.js[CRAWLER] understanding... AI Analyzing JS 0jfrm9h08g95p.js[CRAWLER] extracting... AI Analyzing JS 0jfrm9h08g95p.js[CRAWLER] analyzing... AI Analyzing JS 0jfrm9h08g95p.js[CRAWLER] mapping... AI Analyzing JS 0jfrm9h08g95p.js[CRAWLER] discovering... AI Analyzing JS 0jfrm9h08g95p.js[CRAWLER] learning... AI Analyzing JS 0jfrm9h08g95p.js[CRAWLER] understanding... AI Analyzing JS 0jfrm9h08g95p.js[CRAWLER] extracting... AI Analyzing JS 0jfrm9h08g95p.js[CRAWLER] analyzing... AI Analyzing JS 0jfrm9h08g95p.js[CRAWLER] mapping... AI Analyzing JS 0jfrm9h08g95p.js[CRAWLER] discovering... AI Analyzing JS 0jfrm9h08g95p.js[CRAWLER] learning... AI Analyzing JS 0jfrm9h08g95p.js[CRAWLER] understanding... AI Analyzing JS 0jfrm9h08g95p.js[CRAWLER] extracting... AI Analyzing JS 0jfrm9h08g95p.js[CRAWLER] analyzing... AI Analyzing JS 0jfrm9h08g95p.js[CRAWLER] mapping... AI Analyzing JS 0jfrm9h08g95p.js[CRAWLER] discovering... AI Analyzing JS 0jfrm9h08g95p.js[CRAWLER] learning... AI Analyzing JS 0jfrm9h08g95p.js[CRAWLER] understanding... AI Analyzing JS 0jfrm9h08g95p.js[CRAWLER] extracting... AI Analyzing JS 0jfrm9h08g95p.js[CRAWLER] analyzing... AI Analyzing JS 0jfrm9h08g95p.js[CRAWLER] mapping... AI Analyzing JS 0jfrm9h08g95p.js[CRAWLER] discovering... AI Analyzing JS 0jfrm9h08g95p.js[CRAWLER] learning... AI Analyzing JS 0jfrm9h08g95p.js[CRAWLER] understanding... AI Analyzing JS 0jfrm9h08g95p.js[CRAWLER] extracting... AI Analyzing JS 0jfrm9h08g95p.js[CRAWLER] analyzing... AI Analyzing JS 0jfrm9h08g95p.js[CRAWLER] mapping... AI Analyzing JS 0jfrm9h08g95p.js[CRAWLER] discovering... AI Analyzing JS 0jfrm9h08g95p.js[CRAWLER] learning... AI Analyzing JS 0jfrm9h08g95p.js[CRAWLER] understanding... AI Analyzing JS 0jfrm9h08g95p.js[CRAWLER] extracting... AI Analyzing JS 0jfrm9h08g95p.js[CRAWLER] analyzing... AI Analyzing JS 0jfrm9h08g95p.js[CRAWLER] mapping... AI Analyzing JS 0jfrm9h08g95p.js[CRAWLER] discovering... AI Analyzing JS 0jfrm9h08g95p.js[CRAWLER] learning... AI Analyzing JS 0jfrm9h08g95p.js[CRAWLER] understanding... AI Analyzing JS 0jfrm9h08g95p.js[CRAWLER] extracting... AI Analyzing JS 0jfrm9h08g95p.js[CRAWLER] analyzing... AI Analyzing JS 0jfrm9h08g95p.js[CRAWLER] mapping... AI Analyzing JS 0jfrm9h08g95p.js[CRAWLER] discovering... AI Analyzing JS 0jfrm9h08g95p.js[CRAWLER] learning... AI Analyzing JS 0jfrm9h08g95p.js[CRAWLER] understanding... AI Analyzing JS 0jfrm9h08g95p.js[CRAWLER] extracting... AI Analyzing JS 0jfrm9h08g95p.js[CRAWLER] analyzing... AI Analyzing JS 0jfrm9h08g95p.js[CRAWLER] mapping... AI Analyzing JS 0jfrm9h08g95p.js[CRAWLER] discovering... AI Analyzing JS 0jfrm9h08g95p.js[CRAWLER] learning... AI Analyzing JS 0jfrm9h08g95p.js[CRAWLER] understanding... AI Analyzing JS 0jfrm9h08g95p.js[CRAWLER] extracting... AI Analyzing JS 0jfrm9h08g95p.js[CRAWLER] analyzing... AI Analyzing JS 0jfrm9h08g95p.js[CRAWLER] mapping... AI Analyzing JS 0jfrm9h08g95p.js[CRAWLER] discovering... AI Analyzing JS 0jfrm9h08g95p.js[CRAWLER] learning... AI Analyzing JS 0jfrm9h08g95p.js[CRAWLER] understanding... AI Analyzing JS 0jfrm9h08g95p.js[CRAWLER] extracting... AI Analyzing JS 0jfrm9h08g95p.js[CRAWLER] analyzing... AI Analyzing JS 0jfrm9h08g95p.js[CRAWLER] mapping... AI Analyzing JS 0jfrm9h08g95p.js[CRAWLER] discovering... AI Analyzing JS 0jfrm9h08g95p.js[CRAWLER] learning... AI Analyzing JS 0jfrm9h08g95p.js[CRAWLER] understanding... AI Analyzing JS 0jfrm9h08g95p.js[CRAWLER] extracting... AI Analyzing JS 0jfrm9h08g95p.js[CRAWLER] analyzing... AI Analyzing JS 0jfrm9h08g95p.js[CRAWLER] mapping... AI Analyzing JS 0jfrm9h08g95p.js[CRAWLER] discovering... AI Analyzing JS 0jfrm9h08g95p.js[CRAWLER] learning... AI Analyzing JS 0jfrm9h08g95p.js[CRAWLER] understanding... AI Analyzing JS 0jfrm9h08g95p.js[CRAWLER] extracting... AI Analyzing JS 0jfrm9h08g95p.js[CRAWLER] analyzing... AI Analyzing JS 0jfrm9h08g95p.js[CRAWLER] mapping... AI Analyzing JS 0jfrm9h08g95p.js[CRAWLER] discovering... AI Analyzing JS 0jfrm9h08g95p.js[CRAWLER] learning... AI Analyzing JS 0jfrm9h08g95p.js[CRAWLER] understanding... AI Analyzing JS 0jfrm9h08g95p.js[CRAWLER] extracting... AI Analyzing JS 0jfrm9h08g95p.js[CRAWLER] analyzing... AI Analyzing JS 0jfrm9h08g95p.js[CRAWLER] mapping... AI Analyzing JS 0jfrm9h08g95p.js[CRAWLER] discovering... AI Analyzing JS 0jfrm9h08g95p.js[CRAWLER] learning... AI Analyzing JS 0jfrm9h08g95p.js[CRAWLER] understanding... AI Analyzing JS 0jfrm9h08g95p.js[CRAWLER] extracting... AI Analyzing JS 0jfrm9h08g95p.js[CRAWLER] analyzing... AI Analyzing JS 0jfrm9h08g95p.js[CRAWLER] mapping... AI Analyzing JS 0jfrm9h08g95p.js[CRAWLER] discovering... AI Analyzing JS 0jfrm9h08g95p.js[CRAWLER] learning... AI Analyzing JS 0jfrm9h08g95p.js[CRAWLER] understanding... AI Analyzing JS 0jfrm9h08g95p.js[CRAWLER] extracting... AI Analyzing JS 0jfrm9h08g95p.js[CRAWLER] analyzing... AI Analyzing JS 0jfrm9h08g95p.js[CRAWLER] mapping... AI Analyzing JS 0jfrm9h08g95p.js[CRAWLER] discovering... AI Analyzing JS 0jfrm9h08g95p.js[CRAWLER] learning... AI Analyzing JS 0jfrm9h08g95p.js[CRAWLER] understanding... AI Analyzing JS 0jfrm9h08g95p.js[CRAWLER] extracting... AI Analyzing JS 0jfrm9h08g95p.js[CRAWLER] analyzing... AI Analyzing JS 0jfrm9h08g95p.js[CRAWLER] mapping... AI Analyzing JS 0jfrm9h08g95p.js[CRAWLER] discovering... AI Analyzing JS 0jfrm9h08g95p.js[CRAWLER] learning... AI Analyzing JS 0jfrm9h08g95p.js[CRAWLER] understanding... AI Analyzing JS 0jfrm9h08g95p.js[CRAWLER] extracting... AI Analyzing JS 0jfrm9h08g95p.js[CRAWLER] analyzing... AI Analyzing JS 0jfrm9h08g95p.js[CRAWLER] mapping... AI Analyzing JS 0jfrm9h08g95p.js[CRAWLER] discovering... AI Analyzing JS 0jfrm9h08g95p.js[CRAWLER] learning... AI Analyzing JS 0jfrm9h08g95p.js[CRAWLER] understanding... AI Analyzing JS 0jfrm9h08g95p.js[CRAWLER] extracting... AI Analyzing JS 0jfrm9h08g95p.js[CRAWLER] analyzing... AI Analyzing JS 0jfrm9h08g95p.js[CRAWLER] mapping... AI Analyzing JS 0jfrm9h08g95p.js[CRAWLER] discovering... AI Analyzing JS 0jfrm9h08g95p.js[CRAWLER] learning... AI Analyzing JS 0jfrm9h08g95p.js[CRAWLER] understanding... AI Analyzing JS 0jfrm9h08g95p.js[CRAWLER] extracting... AI Analyzing JS 0jfrm9h08g95p.js[CRAWLER] analyzing... AI Analyzing JS 0jfrm9h08g95p.js[CRAWLER] mapping... AI Analyzing JS 0jfrm9h08g95p.js[CRAWLER] discovering... AI Analyzing JS 0jfrm9h08g95p.js[CRAWLER] learning... AI Analyzing JS 0jfrm9h08g95p.js[CRAWLER] understanding... AI Analyzing JS 0jfrm9h08g95p.js[CRAWLER] extracting... AI Analyzing JS 0jfrm9h08g95p.js[CRAWLER] analyzing... AI Analyzing JS 0jfrm9h08g95p.js[CRAWLER] mapping... AI Analyzing JS 2-urkx3cuhmdn.js[CRAWLER] discovering... AI Analyzing JS 2-urkx3cuhmdn.js[CRAWLER] learning... AI Analyzing JS 2-urkx3cuhmdn.js[CRAWLER] understanding... AI Analyzing JS 2-urkx3cuhmdn.js[CRAWLER] extracting... AI Analyzing JS 2-urkx3cuhmdn.js[CRAWLER] analyzing... AI Analyzing JS 2-urkx3cuhmdn.js[CRAWLER] mapping... AI Analyzing JS 2-urkx3cuhmdn.js[CRAWLER] discovering... AI Analyzing JS 2-urkx3cuhmdn.js[CRAWLER] learning... AI Analyzing JS 2-urkx3cuhmdn.js[CRAWLER] understanding... AI Analyzing JS 2-urkx3cuhmdn.js[CRAWLER] extracting... AI Analyzing JS 2-urkx3cuhmdn.js[CRAWLER] analyzing... AI Analyzing JS 2-urkx3cuhmdn.js[CRAWLER] mapping... AI Analyzing JS 2-urkx3cuhmdn.js[CRAWLER] discovering... AI Analyzing JS 2-urkx3cuhmdn.js[CRAWLER] learning... AI Analyzing JS 2-urkx3cuhmdn.js[CRAWLER] understanding... AI Analyzing JS 2-urkx3cuhmdn.js[CRAWLER] extracting... AI Analyzing JS 2-urkx3cuhmdn.js[CRAWLER] analyzing... AI Analyzing JS 2-urkx3cuhmdn.js[CRAWLER] mapping... AI Analyzing JS 2-urkx3cuhmdn.js[CRAWLER] discovering... AI Analyzing JS 2-urkx3cuhmdn.js[CRAWLER] learning... AI Analyzing JS 2-urkx3cuhmdn.js[CRAWLER] understanding... AI Analyzing JS 2-urkx3cuhmdn.js[CRAWLER] extracting... AI Analyzing JS 2-urkx3cuhmdn.js[CRAWLER] analyzing... AI Analyzing JS 2-urkx3cuhmdn.js[CRAWLER] mapping... AI Analyzing JS 2-urkx3cuhmdn.js[CRAWLER] discovering... AI Analyzing JS 2-urkx3cuhmdn.js[CRAWLER] learning... AI Analyzing JS 2-urkx3cuhmdn.js[CRAWLER] understanding... AI Analyzing JS 2-urkx3cuhmdn.js[CRAWLER] extracting... AI Analyzing JS 2-urkx3cuhmdn.js[CRAWLER] analyzing... AI Analyzing JS 2-urkx3cuhmdn.js[CRAWLER] mapping... AI Analyzing JS 2-urkx3cuhmdn.js[CRAWLER] discovering... AI Analyzing JS 2-urkx3cuhmdn.js[CRAWLER] learning... AI Analyzing JS 2-urkx3cuhmdn.js[CRAWLER] understanding... AI Analyzing JS 2-urkx3cuhmdn.js[CRAWLER] extracting... AI Analyzing JS 2-urkx3cuhmdn.js[CRAWLER] analyzing... AI Analyzing JS 2-urkx3cuhmdn.js[CRAWLER] mapping... AI Analyzing JS 2-urkx3cuhmdn.js[CRAWLER] discovering... AI Analyzing JS 2-urkx3cuhmdn.js[CRAWLER] learning... AI Analyzing JS 2-urkx3cuhmdn.js[CRAWLER] understanding... AI Analyzing JS 2-urkx3cuhmdn.js[CRAWLER] extracting... AI Analyzing JS 2-urkx3cuhmdn.js[CRAWLER] analyzing... AI Analyzing JS 2-urkx3cuhmdn.js[CRAWLER] mapping... AI Analyzing JS 2-urkx3cuhmdn.js[CRAWLER] discovering... AI Analyzing JS 2-urkx3cuhmdn.js[CRAWLER] learning... AI Analyzing JS 2-urkx3cuhmdn.js[CRAWLER] understanding... AI Analyzing JS 2-urkx3cuhmdn.js[CRAWLER] extracting... AI Analyzing JS 2-urkx3cuhmdn.js[CRAWLER] analyzing... AI Analyzing JS 2-urkx3cuhmdn.js[CRAWLER] mapping... AI Analyzing JS 2-urkx3cuhmdn.js[CRAWLER] discovering... AI Analyzing JS 2-urkx3cuhmdn.js[CRAWLER] learning... AI Analyzing JS 2-urkx3cuhmdn.js[CRAWLER] understanding... AI Analyzing JS 2-urkx3cuhmdn.js[CRAWLER] extracting... AI Analyzing JS 2-urkx3cuhmdn.js[CRAWLER] analyzing... AI Analyzing JS 2-urkx3cuhmdn.js[CRAWLER] mapping... AI Analyzing JS 2-urkx3cuhmdn.js[CRAWLER] discovering... AI Analyzing JS 2-urkx3cuhmdn.js[CRAWLER] learning... AI Analyzing JS 2-urkx3cuhmdn.js[CRAWLER] understanding... AI Analyzing JS 2-urkx3cuhmdn.js[CRAWLER] extracting... AI Analyzing JS 2-urkx3cuhmdn.js[CRAWLER] analyzing... AI Analyzing JS 2-urkx3cuhmdn.js[CRAWLER] mapping... AI Analyzing JS 2-urkx3cuhmdn.js[CRAWLER] discovering... AI Analyzing JS 2-urkx3cuhmdn.js[CRAWLER] learning... AI Analyzing JS 2-urkx3cuhmdn.js[CRAWLER] understanding... AI Analyzing JS 2-urkx3cuhmdn.js[CRAWLER] extracting... AI Analyzing JS 2-urkx3cuhmdn.js[CRAWLER] analyzing... AI Analyzing JS 2-urkx3cuhmdn.js[CRAWLER] mapping... AI Analyzing JS 2-urkx3cuhmdn.js[CRAWLER] discovering... AI Analyzing JS 2-urkx3cuhmdn.js[CRAWLER] learning... AI Analyzing JS 2-urkx3cuhmdn.js[CRAWLER] understanding... AI Analyzing JS 2-urkx3cuhmdn.js[CRAWLER] extracting... AI Analyzing JS 2-urkx3cuhmdn.js[CRAWLER] analyzing... AI Analyzing JS 2-urkx3cuhmdn.js[CRAWLER] mapping... AI Analyzing JS 2-urkx3cuhmdn.js[CRAWLER] discovering... AI Analyzing JS 2-urkx3cuhmdn.js[CRAWLER] learning... AI Analyzing JS 2-urkx3cuhmdn.js[CRAWLER] understanding... AI Analyzing JS 2-urkx3cuhmdn.js[CRAWLER] extracting... AI Analyzing JS 2-urkx3cuhmdn.js[CRAWLER] analyzing... AI Analyzing JS 2-urkx3cuhmdn.js[CRAWLER] mapping... AI Analyzing JS 2-urkx3cuhmdn.js[CRAWLER] discovering... AI Analyzing JS 2-urkx3cuhmdn.js[CRAWLER] learning... AI Analyzing JS 2-urkx3cuhmdn.js[CRAWLER] understanding... AI Analyzing JS 2-urkx3cuhmdn.js[CRAWLER] extracting... AI Analyzing JS 2-urkx3cuhmdn.js[CRAWLER] analyzing... AI Analyzing JS 2-urkx3cuhmdn.js[CRAWLER] mapping... AI Analyzing JS 2-urkx3cuhmdn.js[CRAWLER] discovering... AI Analyzing JS 2-urkx3cuhmdn.js[CRAWLER] learning... AI Analyzing JS 2-urkx3cuhmdn.js[CRAWLER] understanding... AI Analyzing JS 2-urkx3cuhmdn.js[CRAWLER] extracting... AI Analyzing JS 2-urkx3cuhmdn.js[CRAWLER] analyzing... AI Analyzing JS 2-urkx3cuhmdn.js[CRAWLER] mapping... AI Analyzing JS 2-urkx3cuhmdn.js[CRAWLER] discovering... AI Analyzing JS 2-urkx3cuhmdn.js[CRAWLER] learning... AI Analyzing JS 2-urkx3cuhmdn.js[CRAWLER] understanding... AI Analyzing JS 2-urkx3cuhmdn.js[CRAWLER] extracting... AI Analyzing JS 2-urkx3cuhmdn.js[CRAWLER] analyzing... AI Analyzing JS 2-urkx3cuhmdn.js[CRAWLER] mapping... AI Analyzing JS 2-urkx3cuhmdn.js[CRAWLER] discovering... AI Analyzing JS 2-urkx3cuhmdn.js[CRAWLER] learning... AI Analyzing JS 2-urkx3cuhmdn.js[CRAWLER] understanding... AI Analyzing JS 2-urkx3cuhmdn.js[CRAWLER] extracting... AI Analyzing JS 2-urkx3cuhmdn.js[CRAWLER] analyzing... AI Analyzing JS 2-urkx3cuhmdn.js[CRAWLER] mapping... AI Analyzing JS 2-urkx3cuhmdn.js[CRAWLER] discovering... AI Analyzing JS 2-urkx3cuhmdn.js[CRAWLER] learning... AI Analyzing JS 2-urkx3cuhmdn.js[CRAWLER] understanding... AI Analyzing JS 2-urkx3cuhmdn.js[CRAWLER] extracting... AI Analyzing JS 2-urkx3cuhmdn.js[CRAWLER] analyzing... AI Analyzing JS 2-urkx3cuhmdn.js[CRAWLER] mapping... AI Analyzing JS 2-urkx3cuhmdn.js[CRAWLER] discovering... AI Analyzing JS 2-urkx3cuhmdn.js[CRAWLER] learning... AI Analyzing JS 2-urkx3cuhmdn.js[CRAWLER] understanding... AI Analyzing JS 2-urkx3cuhmdn.js[CRAWLER] extracting... AI Analyzing JS 2-urkx3cuhmdn.js[CRAWLER] analyzing... AI Analyzing JS 2-urkx3cuhmdn.js[CRAWLER] mapping... AI Analyzing JS 2-urkx3cuhmdn.js[CRAWLER] discovering... AI Analyzing JS 2-urkx3cuhmdn.js[CRAWLER] learning... AI Analyzing JS 2-urkx3cuhmdn.js[CRAWLER] understanding... AI Analyzing JS 2-urkx3cuhmdn.js[CRAWLER] extracting... AI Analyzing JS 2-urkx3cuhmdn.js[CRAWLER] analyzing... AI Analyzing JS 2-urkx3cuhmdn.js[CRAWLER] mapping... AI Analyzing JS 2-urkx3cuhmdn.js[CRAWLER] discovering... AI Analyzing JS 2-urkx3cuhmdn.js[CRAWLER] learning... AI Analyzing JS 2-urkx3cuhmdn.js[CRAWLER] understanding... AI Analyzing JS 2-urkx3cuhmdn.js[CRAWLER] extracting... AI Analyzing JS 2-urkx3cuhmdn.js[CRAWLER] analyzing... AI Analyzing JS 2-urkx3cuhmdn.js[CRAWLER] mapping... AI Analyzing JS 2-urkx3cuhmdn.js[CRAWLER] discovering... AI Analyzing JS 2-urkx3cuhmdn.js[CRAWLER] learning... AI Analyzing JS 2-urkx3cuhmdn.js[CRAWLER] understanding... AI Analyzing JS 2-urkx3cuhmdn.js[CRAWLER] extracting... AI Analyzing JS turbopack-25xe7tgfcrtgb.js[CRAWLER] analyzing... AI Analyzing JS turbopack-25xe7tgfcrtgb.js[CRAWLER] mapping... AI Analyzing JS turbopack-25xe7tgfcrtgb.js[CRAWLER] discovering... AI Analyzing JS turbopack-25xe7tgfcrtgb.js[CRAWLER] learning... AI Analyzing JS turbopack-25xe7tgfcrtgb.js[CRAWLER] understanding... AI Analyzing JS turbopack-25xe7tgfcrtgb.js[CRAWLER] extracting... AI Analyzing JS turbopack-25xe7tgfcrtgb.js[CRAWLER] analyzing... AI Analyzing JS turbopack-25xe7tgfcrtgb.js[CRAWLER] mapping... AI Analyzing JS turbopack-25xe7tgfcrtgb.js[CRAWLER] discovering... AI Analyzing JS turbopack-25xe7tgfcrtgb.js[CRAWLER] learning... AI Analyzing JS turbopack-25xe7tgfcrtgb.js[CRAWLER] understanding... AI Analyzing JS turbopack-25xe7tgfcrtgb.js[CRAWLER] extracting... AI Analyzing JS turbopack-25xe7tgfcrtgb.js[CRAWLER] analyzing... AI Analyzing JS turbopack-25xe7tgfcrtgb.js[CRAWLER] mapping... AI Analyzing JS turbopack-25xe7tgfcrtgb.js[CRAWLER] discovering... AI Analyzing JS turbopack-25xe7tgfcrtgb.js[CRAWLER] learning... AI Analyzing JS turbopack-25xe7tgfcrtgb.js[CRAWLER] understanding... AI Analyzing JS turbopack-25xe7tgfcrtgb.js[CRAWLER] extracting... AI Analyzing JS turbopack-25xe7tgfcrtgb.js[CRAWLER] analyzing... AI Analyzing JS turbopack-25xe7tgfcrtgb.js[CRAWLER] mapping... AI Analyzing JS turbopack-25xe7tgfcrtgb.js[CRAWLER] discovering... AI Analyzing JS turbopack-25xe7tgfcrtgb.js[CRAWLER] learning... AI Analyzing JS turbopack-25xe7tgfcrtgb.js[CRAWLER] understanding... AI Analyzing JS turbopack-25xe7tgfcrtgb.js[CRAWLER] extracting... AI Analyzing JS turbopack-25xe7tgfcrtgb.js[CRAWLER] analyzing... AI Analyzing JS turbopack-25xe7tgfcrtgb.js[CRAWLER] mapping... AI Analyzing JS turbopack-25xe7tgfcrtgb.js[CRAWLER] discovering... AI Analyzing JS turbopack-25xe7tgfcrtgb.js[CRAWLER] learning... AI Analyzing JS turbopack-25xe7tgfcrtgb.js[CRAWLER] understanding... AI Analyzing JS turbopack-25xe7tgfcrtgb.js[CRAWLER] extracting... AI Analyzing JS turbopack-25xe7tgfcrtgb.js[CRAWLER] analyzing... AI Analyzing JS turbopack-25xe7tgfcrtgb.js[CRAWLER] mapping... AI Analyzing JS turbopack-25xe7tgfcrtgb.js[CRAWLER] discovering... AI Analyzing JS turbopack-25xe7tgfcrtgb.js[CRAWLER] learning... AI Analyzing JS turbopack-25xe7tgfcrtgb.js[CRAWLER] understanding... AI Analyzing JS turbopack-25xe7tgfcrtgb.js[CRAWLER] extracting... AI Analyzing JS turbopack-25xe7tgfcrtgb.js[CRAWLER] analyzing... AI Analyzing JS turbopack-25xe7tgfcrtgb.js[CRAWLER] mapping... AI Analyzing JS turbopack-25xe7tgfcrtgb.js[CRAWLER] discovering... AI Analyzing JS turbopack-25xe7tgfcrtgb.js[CRAWLER] learning... AI Analyzing JS turbopack-25xe7tgfcrtgb.js[CRAWLER] understanding... AI Analyzing JS turbopack-25xe7tgfcrtgb.js[CRAWLER] extracting... AI Analyzing JS turbopack-25xe7tgfcrtgb.js[CRAWLER] analyzing... AI Analyzing JS turbopack-25xe7tgfcrtgb.js[CRAWLER] mapping... AI Analyzing JS turbopack-25xe7tgfcrtgb.js[CRAWLER] discovering... AI Analyzing JS turbopack-25xe7tgfcrtgb.js[CRAWLER] learning... AI Analyzing JS turbopack-25xe7tgfcrtgb.js[CRAWLER] understanding... AI Analyzing JS turbopack-25xe7tgfcrtgb.js[CRAWLER] extracting... AI Analyzing JS turbopack-25xe7tgfcrtgb.js[CRAWLER] analyzing... AI Analyzing JS turbopack-25xe7tgfcrtgb.js[CRAWLER] mapping... AI Analyzing JS turbopack-25xe7tgfcrtgb.js[CRAWLER] discovering... AI Analyzing JS turbopack-25xe7tgfcrtgb.js[CRAWLER] learning... AI Analyzing JS turbopack-25xe7tgfcrtgb.js[CRAWLER] understanding... AI Analyzing JS turbopack-25xe7tgfcrtgb.js[CRAWLER] extracting... AI Analyzing JS turbopack-25xe7tgfcrtgb.js[CRAWLER] analyzing... AI Analyzing JS turbopack-25xe7tgfcrtgb.js[CRAWLER] mapping... AI Analyzing JS turbopack-25xe7tgfcrtgb.js[CRAWLER] discovering... AI Analyzing JS turbopack-25xe7tgfcrtgb.js[CRAWLER] learning... AI Analyzing JS turbopack-25xe7tgfcrtgb.js[CRAWLER] understanding... AI Analyzing JS turbopack-25xe7tgfcrtgb.js[CRAWLER] extracting... AI Analyzing JS turbopack-25xe7tgfcrtgb.js[CRAWLER] analyzing... AI Analyzing JS turbopack-25xe7tgfcrtgb.js[CRAWLER] mapping... AI Analyzing JS turbopack-25xe7tgfcrtgb.js[CRAWLER] discovering... AI Analyzing JS turbopack-25xe7tgfcrtgb.js[CRAWLER] learning... AI Analyzing JS turbopack-25xe7tgfcrtgb.js[CRAWLER] understanding... AI Analyzing JS turbopack-25xe7tgfcrtgb.js[CRAWLER] extracting... AI Analyzing JS turbopack-25xe7tgfcrtgb.js[CRAWLER] analyzing... AI Analyzing JS turbopack-25xe7tgfcrtgb.js[CRAWLER] mapping... AI Analyzing JS turbopack-25xe7tgfcrtgb.js[CRAWLER] discovering... AI Analyzing JS turbopack-25xe7tgfcrtgb.js[CRAWLER] learning... AI Analyzing JS turbopack-25xe7tgfcrtgb.js[CRAWLER] understanding... AI Analyzing JS turbopack-25xe7tgfcrtgb.js[CRAWLER] extracting... AI Analyzing JS turbopack-25xe7tgfcrtgb.js[CRAWLER] analyzing... AI Analyzing JS turbopack-25xe7tgfcrtgb.js[CRAWLER] mapping... AI Analyzing JS turbopack-25xe7tgfcrtgb.js[CRAWLER] discovering... AI Analyzing JS turbopack-25xe7tgfcrtgb.js[CRAWLER] learning... AI Analyzing JS turbopack-25xe7tgfcrtgb.js[CRAWLER] understanding... AI Analyzing JS turbopack-25xe7tgfcrtgb.js[CRAWLER] extracting... AI Analyzing JS turbopack-25xe7tgfcrtgb.js[CRAWLER] analyzing... AI Analyzing JS turbopack-25xe7tgfcrtgb.js[CRAWLER] mapping... AI Analyzing JS turbopack-25xe7tgfcrtgb.js[CRAWLER] discovering... AI Analyzing JS turbopack-25xe7tgfcrtgb.js[CRAWLER] learning... AI Analyzing JS turbopack-25xe7tgfcrtgb.js[CRAWLER] understanding... AI Analyzing JS turbopack-25xe7tgfcrtgb.js[CRAWLER] extracting... AI Analyzing JS turbopack-25xe7tgfcrtgb.js[CRAWLER] analyzing... AI Analyzing JS turbopack-25xe7tgfcrtgb.js[CRAWLER] mapping... AI Analyzing JS turbopack-25xe7tgfcrtgb.js[CRAWLER] discovering... AI Analyzing JS turbopack-25xe7tgfcrtgb.js[CRAWLER] learning... AI Analyzing JS turbopack-25xe7tgfcrtgb.js[CRAWLER] understanding... AI Analyzing JS turbopack-25xe7tgfcrtgb.js[CRAWLER] extracting... AI Analyzing JS turbopack-25xe7tgfcrtgb.js[CRAWLER] analyzing... AI Analyzing JS turbopack-25xe7tgfcrtgb.js[CRAWLER] mapping... AI Analyzing JS turbopack-25xe7tgfcrtgb.js[CRAWLER] discovering... AI Analyzing JS turbopack-25xe7tgfcrtgb.js[CRAWLER] learning... AI Analyzing JS turbopack-25xe7tgfcrtgb.js[CRAWLER] understanding... AI Analyzing JS turbopack-25xe7tgfcrtgb.js[CRAWLER] extracting... AI Analyzing JS turbopack-25xe7tgfcrtgb.js[CRAWLER] analyzing... AI Analyzing JS turbopack-25xe7tgfcrtgb.js[CRAWLER] mapping... AI Analyzing JS turbopack-25xe7tgfcrtgb.js[CRAWLER] discovering... AI Analyzing JS turbopack-25xe7tgfcrtgb.js[CRAWLER] learning... AI Analyzing JS turbopack-25xe7tgfcrtgb.js[CRAWLER] understanding... AI Analyzing JS turbopack-25xe7tgfcrtgb.js[CRAWLER] extracting... AI Analyzing JS turbopack-25xe7tgfcrtgb.js[CRAWLER] analyzing... AI Analyzing JS turbopack-25xe7tgfcrtgb.js[CRAWLER] mapping... AI Analyzing JS turbopack-25xe7tgfcrtgb.js[CRAWLER] discovering... AI Analyzing JS turbopack-25xe7tgfcrtgb.js[CRAWLER] learning... AI Analyzing JS turbopack-25xe7tgfcrtgb.js[CRAWLER] understanding... AI Analyzing JS turbopack-25xe7tgfcrtgb.js[CRAWLER] extracting... AI Analyzing JS turbopack-25xe7tgfcrtgb.js[CRAWLER] analyzing... AI Analyzing JS turbopack-25xe7tgfcrtgb.js[CRAWLER] mapping... AI Analyzing JS turbopack-25xe7tgfcrtgb.js[CRAWLER] discovering... AI Analyzing JS turbopack-25xe7tgfcrtgb.js[CRAWLER] learning... AI Analyzing JS turbopack-25xe7tgfcrtgb.js[CRAWLER] understanding... AI Analyzing JS turbopack-25xe7tgfcrtgb.js[CRAWLER] extracting... AI Analyzing JS turbopack-25xe7tgfcrtgb.js[CRAWLER] analyzing... AI Analyzing JS turbopack-25xe7tgfcrtgb.js[CRAWLER] mapping... AI Analyzing JS turbopack-25xe7tgfcrtgb.js[CRAWLER] discovering... AI Analyzing JS turbopack-25xe7tgfcrtgb.js[CRAWLER] learning... AI Analyzing JS turbopack-25xe7tgfcrtgb.js[CRAWLER] understanding... AI Analyzing JS turbopack-25xe7tgfcrtgb.js[CRAWLER] extracting... AI Analyzing JS turbopack-25xe7tgfcrtgb.js[CRAWLER] analyzing... AI Analyzing JS turbopack-25xe7tgfcrtgb.js[CRAWLER] mapping... AI Analyzing JS turbopack-25xe7tgfcrtgb.js[CRAWLER] discovering... AI Analyzing JS turbopack-25xe7tgfcrtgb.js[CRAWLER] learning... AI Analyzing JS turbopack-25xe7tgfcrtgb.js[CRAWLER] understanding... AI Analyzing JS turbopack-25xe7tgfcrtgb.js[CRAWLER] extracting... AI Analyzing JS turbopack-25xe7tgfcrtgb.js[CRAWLER] analyzing... AI Analyzing JS turbopack-25xe7tgfcrtgb.js[CRAWLER] mapping... AI Analyzing JS turbopack-25xe7tgfcrtgb.js[CRAWLER] discovering... AI Analyzing JS turbopack-25xe7tgfcrtgb.js[CRAWLER] learning... AI Analyzing JS turbopack-25xe7tgfcrtgb.js[CRAWLER] understanding... AI Analyzing JS turbopack-25xe7tgfcrtgb.js[CRAWLER] extracting... AI Analyzing JS turbopack-25xe7tgfcrtgb.js[CRAWLER] analyzing... AI Analyzing JS turbopack-25xe7tgfcrtgb.js[CRAWLER] mapping... AI Analyzing JS turbopack-25xe7tgfcrtgb.js[CRAWLER] discovering... AI Analyzing JS turbopack-25xe7tgfcrtgb.js[CRAWLER] learning... AI Analyzing JS turbopack-25xe7tgfcrtgb.js[CRAWLER] understanding... AI Analyzing JS turbopack-25xe7tgfcrtgb.js[CRAWLER] extracting... AI Analyzing JS turbopack-25xe7tgfcrtgb.js[CRAWLER] analyzing... AI Analyzing JS turbopack-25xe7tgfcrtgb.js[CRAWLER] mapping... AI Analyzing JS turbopack-25xe7tgfcrtgb.js[CRAWLER] discovering... AI Analyzing JS turbopack-25xe7tgfcrtgb.js[CRAWLER] learning... AI Analyzing JS turbopack-25xe7tgfcrtgb.js[CRAWLER] understanding... AI Analyzing JS turbopack-25xe7tgfcrtgb.js[CRAWLER] extracting... AI Analyzing JS turbopack-25xe7tgfcrtgb.js[CRAWLER] analyzing... AI Analyzing JS turbopack-25xe7tgfcrtgb.js[CRAWLER] mapping... AI Analyzing JS turbopack-25xe7tgfcrtgb.js[CRAWLER] discovering... AI Analyzing JS turbopack-25xe7tgfcrtgb.js[CRAWLER] learning... AI Analyzing JS turbopack-25xe7tgfcrtgb.js[CRAWLER] understanding... AI Analyzing JS turbopack-25xe7tgfcrtgb.js[CRAWLER] extracting... AI Analyzing JS turbopack-25xe7tgfcrtgb.js[CRAWLER] analyzing... AI Analyzing JS turbopack-25xe7tgfcrtgb.js[CRAWLER] mapping... AI Analyzing JS turbopack-25xe7tgfcrtgb.js[CRAWLER] discovering... AI Analyzing JS turbopack-25xe7tgfcrtgb.js[CRAWLER] learning... AI Analyzing JS turbopack-25xe7tgfcrtgb.js[CRAWLER] understanding... AI Analyzing JS turbopack-25xe7tgfcrtgb.js[CRAWLER] extracting... AI Analyzing JS turbopack-25xe7tgfcrtgb.js[CRAWLER] analyzing... AI Analyzing JS turbopack-25xe7tgfcrtgb.js[CRAWLER] mapping... AI Analyzing JS turbopack-25xe7tgfcrtgb.js[CRAWLER] discovering... AI Analyzing JS turbopack-25xe7tgfcrtgb.js[CRAWLER] learning... AI Analyzing JS turbopack-25xe7tgfcrtgb.js[CRAWLER] understanding... AI Analyzing JS turbopack-25xe7tgfcrtgb.js[CRAWLER] extracting... AI Analyzing JS turbopack-25xe7tgfcrtgb.js[CRAWLER] analyzing... AI Analyzing JS turbopack-25xe7tgfcrtgb.js[CRAWLER] mapping... AI Analyzing JS turbopack-25xe7tgfcrtgb.js[CRAWLER] discovering... AI Analyzing JS turbopack-25xe7tgfcrtgb.js[CRAWLER] learning... AI Analyzing JS turbopack-25xe7tgfcrtgb.js[CRAWLER] understanding... AI Analyzing JS turbopack-25xe7tgfcrtgb.js[CRAWLER] extracting... AI Analyzing JS turbopack-25xe7tgfcrtgb.js[CRAWLER] analyzing... AI Analyzing JS turbopack-25xe7tgfcrtgb.js[CRAWLER] mapping... AI Analyzing JS turbopack-25xe7tgfcrtgb.js[CRAWLER] discovering... AI Analyzing JS turbopack-25xe7tgfcrtgb.js[CRAWLER] learning... AI Analyzing JS turbopack-25xe7tgfcrtgb.js[CRAWLER] understanding... AI Analyzing JS turbopack-25xe7tgfcrtgb.js[CRAWLER] extracting... AI Analyzing JS turbopack-25xe7tgfcrtgb.js[CRAWLER] analyzing... AI Analyzing JS turbopack-25xe7tgfcrtgb.js[CRAWLER] mapping... AI Analyzing JS turbopack-25xe7tgfcrtgb.js[CRAWLER] discovering... AI Analyzing JS turbopack-25xe7tgfcrtgb.js[CRAWLER] learning... AI Analyzing JS turbopack-25xe7tgfcrtgb.js[CRAWLER] understanding... AI Analyzing JS turbopack-25xe7tgfcrtgb.js[CRAWLER] extracting... AI Analyzing JS turbopack-25xe7tgfcrtgb.js[CRAWLER] analyzing... AI Analyzing JS turbopack-25xe7tgfcrtgb.js[CRAWLER] mapping... Fetching JS 33t46atd3n2zd.js[CRAWLER] discovering... Fetching JS 33t46atd3n2zd.js[CRAWLER] learning... Fetching JS 33t46atd3n2zd.js[CRAWLER] understanding... Fetching JS 33t46atd3n2zd.js[CRAWLER] extracting... Fetching JS 33t46atd3n2zd.js[CRAWLER] analyzing... Fetching JS 33t46atd3n2zd.js[CRAWLER] mapping... Fetching JS 33t46atd3n2zd.js[CRAWLER] discovering... Fetching JS 33t46atd3n2zd.js[CRAWLER] learning... Fetching JS 33t46atd3n2zd.js[CRAWLER] understanding... Fetching JS 33t46atd3n2zd.js[CRAWLER] extracting... Fetching JS 33t46atd3n2zd.js[CRAWLER] analyzing... Fetching JS 33t46atd3n2zd.js[CRAWLER] mapping... Fetching JS 33t46atd3n2zd.js[CRAWLER] discovering... Fetching JS 33t46atd3n2zd.js[CRAWLER] learning... Fetching JS 33t46atd3n2zd.js[CRAWLER] understanding... Fetching JS 33t46atd3n2zd.js[CRAWLER] extracting... Fetching JS 33t46atd3n2zd.js[CRAWLER] analyzing... Fetching JS 33t46atd3n2zd.js[CRAWLER] mapping... Fetching JS 33t46atd3n2zd.js[CRAWLER] discovering... Fetching JS 33t46atd3n2zd.js[CRAWLER] learning... Fetching JS 33t46atd3n2zd.js[CRAWLER] understanding... Fetching JS 33t46atd3n2zd.js[CRAWLER] extracting... Fetching JS 33t46atd3n2zd.js[CRAWLER] analyzing... Fetching JS 33t46atd3n2zd.js[CRAWLER] mapping... Fetching JS 33t46atd3n2zd.js[CRAWLER] discovering... Fetching JS 33t46atd3n2zd.js[CRAWLER] learning... Fetching JS 33t46atd3n2zd.js[CRAWLER] understanding... Fetching JS 33t46atd3n2zd.js[CRAWLER] extracting... Fetching JS 33t46atd3n2zd.js[CRAWLER] analyzing... Fetching JS 33t46atd3n2zd.js[CRAWLER] mapping... Fetching JS 33t46atd3n2zd.js[CRAWLER] discovering... Fetching JS 33t46atd3n2zd.js[CRAWLER] learning... Fetching JS 33t46atd3n2zd.js[CRAWLER] understanding... Fetching JS 33t46atd3n2zd.js[CRAWLER] extracting... Fetching JS 33t46atd3n2zd.js[CRAWLER] analyzing... Fetching JS 33t46atd3n2zd.js[CRAWLER] mapping... Fetching JS 33t46atd3n2zd.js[CRAWLER] discovering... Fetching JS 33t46atd3n2zd.js[CRAWLER] learning... Fetching JS 33t46atd3n2zd.js[CRAWLER] understanding... Fetching JS 33t46atd3n2zd.js[CRAWLER] extracting... Fetching JS 33t46atd3n2zd.js[CRAWLER] analyzing... Fetching JS 33t46atd3n2zd.js[CRAWLER] mapping... Fetching JS 33t46atd3n2zd.js[CRAWLER] discovering... Fetching JS 33t46atd3n2zd.js[CRAWLER] learning... Fetching JS 33t46atd3n2zd.js[CRAWLER] understanding... Fetching JS 33t46atd3n2zd.js[CRAWLER] extracting... Fetching JS 33t46atd3n2zd.js[CRAWLER] analyzing... Fetching JS 33t46atd3n2zd.js[CRAWLER] mapping... Fetching JS 33t46atd3n2zd.js[CRAWLER] discovering... Fetching JS 33t46atd3n2zd.js[CRAWLER] learning... Fetching JS 33t46atd3n2zd.js[CRAWLER] understanding... Fetching JS 33t46atd3n2zd.js[CRAWLER] extracting... Fetching JS 33t46atd3n2zd.js[CRAWLER] analyzing... Fetching JS 33t46atd3n2zd.js[CRAWLER] mapping... Fetching JS 03yd-aaixmu42.js[CRAWLER] discovering... Fetching JS 03yd-aaixmu42.js[CRAWLER] learning... Fetching JS 03yd-aaixmu42.js[CRAWLER] understanding... Fetching JS 03yd-aaixmu42.js[CRAWLER] extracting... Fetching JS 03yd-aaixmu42.js[CRAWLER] analyzing... Fetching JS 03yd-aaixmu42.js[CRAWLER] mapping... Fetching JS 03yd-aaixmu42.js[CRAWLER] discovering... Fetching JS 03yd-aaixmu42.js[CRAWLER] learning... Fetching JS 03yd-aaixmu42.js[CRAWLER] understanding... Fetching JS 03yd-aaixmu42.js[CRAWLER] extracting... Fetching JS 03yd-aaixmu42.js[CRAWLER] analyzing... Fetching JS 03yd-aaixmu42.js[CRAWLER] mapping... Fetching JS 03yd-aaixmu42.js[CRAWLER] discovering... Fetching JS 03yd-aaixmu42.js[CRAWLER] learning... Fetching JS 03yd-aaixmu42.js[CRAWLER] understanding... Fetching JS 03yd-aaixmu42.js[CRAWLER] extracting... Fetching JS 03yd-aaixmu42.js[CRAWLER] analyzing... Fetching JS 03yd-aaixmu42.js[CRAWLER] mapping... Fetching JS 03yd-aaixmu42.js[CRAWLER] discovering... Fetching JS 03yd-aaixmu42.js[CRAWLER] learning... Fetching JS 03yd-aaixmu42.js[CRAWLER] understanding... Fetching JS 03yd-aaixmu42.js[CRAWLER] extracting... Fetching JS 03yd-aaixmu42.js[CRAWLER] analyzing... Fetching JS 03yd-aaixmu42.js[CRAWLER] mapping... Fetching JS 03yd-aaixmu42.js[CRAWLER] discovering... Fetching JS 03yd-aaixmu42.js[CRAWLER] learning... Fetching JS 03yd-aaixmu42.js[CRAWLER] understanding... Fetching JS 03yd-aaixmu42.js[CRAWLER] extracting... Fetching JS 03yd-aaixmu42.js[CRAWLER] analyzing... Fetching JS 03yd-aaixmu42.js[CRAWLER] mapping... Fetching JS 03yd-aaixmu42.js[CRAWLER] discovering... Fetching JS 03yd-aaixmu42.js[CRAWLER] learning... Fetching JS 03yd-aaixmu42.js[CRAWLER] understanding... Fetching JS 03yd-aaixmu42.js[CRAWLER] extracting... Fetching JS 03yd-aaixmu42.js[CRAWLER] analyzing... Fetching JS 03yd-aaixmu42.js[CRAWLER] mapping... Fetching JS 03yd-aaixmu42.js[CRAWLER] discovering... Fetching JS 03yd-aaixmu42.js[CRAWLER] learning... Fetching JS 03yd-aaixmu42.js[CRAWLER] understanding... Fetching JS 03yd-aaixmu42.js[CRAWLER] extracting... Fetching JS 03yd-aaixmu42.js[CRAWLER] analyzing... Fetching JS 03yd-aaixmu42.js[CRAWLER] mapping... Fetching JS 03yd-aaixmu42.js[CRAWLER] discovering... Fetching JS 03yd-aaixmu42.js[CRAWLER] learning... Fetching JS 03yd-aaixmu42.js[CRAWLER] understanding... Fetching JS 03yd-aaixmu42.js[CRAWLER] extracting... Fetching JS 03yd-aaixmu42.js[CRAWLER] analyzing... Fetching JS 03yd-aaixmu42.js[CRAWLER] mapping... Fetching JS 03yd-aaixmu42.js[CRAWLER] discovering... Fetching JS 03yd-aaixmu42.js[CRAWLER] learning... Fetching JS 03yd-aaixmu42.js[CRAWLER] understanding... Fetching JS 03yd-aaixmu42.js[CRAWLER] extracting... Fetching JS 03yd-aaixmu42.js[CRAWLER] analyzing... Fetching JS 03yd-aaixmu42.js[CRAWLER] mapping... Fetching JS 0ax9sx6f26z54.js[CRAWLER] discovering... Fetching JS 0ax9sx6f26z54.js[CRAWLER] learning... Fetching JS 0ax9sx6f26z54.js[CRAWLER] understanding... Fetching JS 0ax9sx6f26z54.js[CRAWLER] extracting... Fetching JS 0ax9sx6f26z54.js[CRAWLER] analyzing... Fetching JS 0ax9sx6f26z54.js[CRAWLER] mapping... Fetching JS 0ax9sx6f26z54.js[CRAWLER] discovering... Fetching JS 0ax9sx6f26z54.js[CRAWLER] learning... Fetching JS 0ax9sx6f26z54.js[CRAWLER] understanding... Fetching JS 0ax9sx6f26z54.js[CRAWLER] extracting... Fetching JS 0ax9sx6f26z54.js[CRAWLER] analyzing... Fetching JS 0ax9sx6f26z54.js[CRAWLER] mapping... Fetching JS 0ax9sx6f26z54.js[CRAWLER] discovering... Fetching JS 0ax9sx6f26z54.js[CRAWLER] learning... Fetching JS 0ax9sx6f26z54.js[CRAWLER] understanding... Fetching JS 0ax9sx6f26z54.js[CRAWLER] extracting... Fetching JS 0ax9sx6f26z54.js[CRAWLER] analyzing... Fetching JS 0ax9sx6f26z54.js[CRAWLER] mapping... Fetching JS 0ax9sx6f26z54.js[CRAWLER] discovering... Fetching JS 0ax9sx6f26z54.js[CRAWLER] learning... Fetching JS 0ax9sx6f26z54.js[CRAWLER] understanding... Fetching JS 0ax9sx6f26z54.js[CRAWLER] extracting... Fetching JS 0ax9sx6f26z54.js[CRAWLER] analyzing... Fetching JS 0ax9sx6f26z54.js[CRAWLER] mapping... Fetching JS 0ax9sx6f26z54.js[CRAWLER] discovering... Fetching JS 0ax9sx6f26z54.js[CRAWLER] learning... Fetching JS 0ax9sx6f26z54.js[CRAWLER] understanding... Fetching JS 0ax9sx6f26z54.js[CRAWLER] extracting... Fetching JS 0ax9sx6f26z54.js[CRAWLER] analyzing... Fetching JS 0ax9sx6f26z54.js[CRAWLER] mapping... Fetching JS 0ax9sx6f26z54.js[CRAWLER] discovering... Fetching JS 0ax9sx6f26z54.js[CRAWLER] learning... Fetching JS 0ax9sx6f26z54.js[CRAWLER] understanding... Fetching JS 0ax9sx6f26z54.js[CRAWLER] extracting... Fetching JS 0ax9sx6f26z54.js[CRAWLER] analyzing... Fetching JS 0ax9sx6f26z54.js[CRAWLER] mapping... Fetching JS 0ax9sx6f26z54.js[CRAWLER] discovering... Fetching JS 0ax9sx6f26z54.js[CRAWLER] learning... Fetching JS 0ax9sx6f26z54.js[CRAWLER] understanding... Fetching JS 0ax9sx6f26z54.js[CRAWLER] extracting... Fetching JS 0ax9sx6f26z54.js[CRAWLER] analyzing... Fetching JS 0ax9sx6f26z54.js[CRAWLER] mapping... Fetching JS 0ax9sx6f26z54.js[CRAWLER] discovering... Fetching JS 0ax9sx6f26z54.js[CRAWLER] learning... Fetching JS 0ax9sx6f26z54.js[CRAWLER] understanding... Fetching JS 0ax9sx6f26z54.js[CRAWLER] extracting... Fetching JS 0ax9sx6f26z54.js[CRAWLER] analyzing... Fetching JS 0ax9sx6f26z54.js[CRAWLER] mapping... Fetching JS 0ax9sx6f26z54.js[CRAWLER] discovering... Fetching JS 0ax9sx6f26z54.js[CRAWLER] learning... Fetching JS 0ax9sx6f26z54.js[CRAWLER] understanding... Fetching JS 0ax9sx6f26z54.js[CRAWLER] extracting... Fetching JS 0ax9sx6f26z54.js[CRAWLER] analyzing... Fetching JS 0ax9sx6f26z54.js[CRAWLER] mapping... Fetching JS 0ax9sx6f26z54.js[CRAWLER] discovering... Fetching JS 2f_0ifdwsrrpw.js[CRAWLER] learning... Fetching JS 2f_0ifdwsrrpw.js[CRAWLER] understanding... Fetching JS 2f_0ifdwsrrpw.js[CRAWLER] extracting... Fetching JS 2f_0ifdwsrrpw.js[CRAWLER] analyzing... Fetching JS 2f_0ifdwsrrpw.js[CRAWLER] mapping... Fetching JS 2f_0ifdwsrrpw.js[CRAWLER] discovering... Fetching JS 2f_0ifdwsrrpw.js[CRAWLER] learning... Fetching JS 2f_0ifdwsrrpw.js[CRAWLER] understanding... Fetching JS 2f_0ifdwsrrpw.js[CRAWLER] extracting... Fetching JS 2f_0ifdwsrrpw.js[CRAWLER] analyzing... Fetching JS 2f_0ifdwsrrpw.js[CRAWLER] mapping... Fetching JS 2f_0ifdwsrrpw.js[CRAWLER] discovering... Fetching JS 2f_0ifdwsrrpw.js[CRAWLER] learning... Fetching JS 2f_0ifdwsrrpw.js[CRAWLER] understanding... Fetching JS 2f_0ifdwsrrpw.js[CRAWLER] extracting... Fetching JS 2f_0ifdwsrrpw.js[CRAWLER] analyzing... Fetching JS 2f_0ifdwsrrpw.js[CRAWLER] mapping... Fetching JS 2f_0ifdwsrrpw.js[CRAWLER] discovering... Fetching JS 2f_0ifdwsrrpw.js[CRAWLER] learning... Fetching JS 2f_0ifdwsrrpw.js[CRAWLER] understanding... Fetching JS 2f_0ifdwsrrpw.js[CRAWLER] extracting... Fetching JS 2f_0ifdwsrrpw.js[CRAWLER] analyzing... Fetching JS 2f_0ifdwsrrpw.js[CRAWLER] mapping... Fetching JS 2f_0ifdwsrrpw.js[CRAWLER] discovering... Fetching JS 2f_0ifdwsrrpw.js[CRAWLER] learning... Fetching JS 2f_0ifdwsrrpw.js[CRAWLER] understanding... Fetching JS 2f_0ifdwsrrpw.js[CRAWLER] extracting... Fetching JS 2f_0ifdwsrrpw.js[CRAWLER] analyzing... Fetching JS 2f_0ifdwsrrpw.js[CRAWLER] mapping... Fetching JS 2f_0ifdwsrrpw.js[CRAWLER] discovering... Fetching JS 2f_0ifdwsrrpw.js[CRAWLER] learning... Fetching JS 2f_0ifdwsrrpw.js[CRAWLER] understanding... Fetching JS 2f_0ifdwsrrpw.js[CRAWLER] extracting... Fetching JS 2f_0ifdwsrrpw.js[CRAWLER] analyzing... Fetching JS 2f_0ifdwsrrpw.js[CRAWLER] mapping... Fetching JS 2f_0ifdwsrrpw.js[CRAWLER] discovering... Fetching JS 2f_0ifdwsrrpw.js[CRAWLER] learning... Fetching JS 2f_0ifdwsrrpw.js[CRAWLER] understanding... Fetching JS 2f_0ifdwsrrpw.js[CRAWLER] extracting... Fetching JS 2f_0ifdwsrrpw.js[CRAWLER] analyzing... Fetching JS 2f_0ifdwsrrpw.js[CRAWLER] mapping... Fetching JS 2f_0ifdwsrrpw.js[CRAWLER] discovering... Fetching JS 2f_0ifdwsrrpw.js[CRAWLER] learning... Fetching JS 2f_0ifdwsrrpw.js[CRAWLER] understanding... Fetching JS 2f_0ifdwsrrpw.js[CRAWLER] extracting... Fetching JS 2f_0ifdwsrrpw.js[CRAWLER] analyzing... Fetching JS 2f_0ifdwsrrpw.js[CRAWLER] mapping... Fetching JS 2f_0ifdwsrrpw.js[CRAWLER] discovering... Fetching JS 2f_0ifdwsrrpw.js[CRAWLER] learning... Fetching JS 2f_0ifdwsrrpw.js[CRAWLER] understanding... Fetching JS 2f_0ifdwsrrpw.js[CRAWLER] extracting... Fetching JS 2f_0ifdwsrrpw.js[CRAWLER] analyzing... Fetching JS 2f_0ifdwsrrpw.js[CRAWLER] mapping... Fetching JS 2f_0ifdwsrrpw.js[CRAWLER] discovering... Fetching JS 43_eu686w1hq8.js[CRAWLER] learning... Fetching JS 43_eu686w1hq8.js[CRAWLER] understanding... Fetching JS 43_eu686w1hq8.js[CRAWLER] extracting... Fetching JS 43_eu686w1hq8.js[CRAWLER] analyzing... Fetching JS 43_eu686w1hq8.js[CRAWLER] mapping... Fetching JS 43_eu686w1hq8.js[CRAWLER] discovering... Fetching JS 43_eu686w1hq8.js[CRAWLER] learning... Fetching JS 43_eu686w1hq8.js[CRAWLER] understanding... Fetching JS 43_eu686w1hq8.js[CRAWLER] extracting... Fetching JS 43_eu686w1hq8.js[CRAWLER] analyzing... Fetching JS 43_eu686w1hq8.js[CRAWLER] mapping... Fetching JS 43_eu686w1hq8.js[CRAWLER] discovering... Fetching JS 43_eu686w1hq8.js[CRAWLER] learning... Fetching JS 43_eu686w1hq8.js[CRAWLER] understanding... Fetching JS 43_eu686w1hq8.js[CRAWLER] extracting... Fetching JS 43_eu686w1hq8.js[CRAWLER] analyzing... Fetching JS 43_eu686w1hq8.js[CRAWLER] mapping... Fetching JS 43_eu686w1hq8.js[CRAWLER] discovering... Fetching JS 43_eu686w1hq8.js[CRAWLER] learning... Fetching JS 43_eu686w1hq8.js[CRAWLER] understanding... Fetching JS 43_eu686w1hq8.js[CRAWLER] extracting... Fetching JS 43_eu686w1hq8.js[CRAWLER] analyzing... Fetching JS 43_eu686w1hq8.js[CRAWLER] mapping... Fetching JS 43_eu686w1hq8.js[CRAWLER] discovering... Fetching JS 43_eu686w1hq8.js[CRAWLER] learning... Fetching JS 43_eu686w1hq8.js[CRAWLER] understanding... Fetching JS 43_eu686w1hq8.js[CRAWLER] extracting... Fetching JS 43_eu686w1hq8.js[CRAWLER] analyzing... Fetching JS 43_eu686w1hq8.js[CRAWLER] mapping... Fetching JS 43_eu686w1hq8.js[CRAWLER] discovering... Fetching JS 43_eu686w1hq8.js[CRAWLER] learning... Fetching JS 43_eu686w1hq8.js[CRAWLER] understanding... Fetching JS 43_eu686w1hq8.js[CRAWLER] extracting... Fetching JS 43_eu686w1hq8.js[CRAWLER] analyzing... Fetching JS 43_eu686w1hq8.js[CRAWLER] mapping... Fetching JS 43_eu686w1hq8.js[CRAWLER] discovering... Fetching JS 43_eu686w1hq8.js[CRAWLER] learning... Fetching JS 43_eu686w1hq8.js[CRAWLER] understanding... Fetching JS 43_eu686w1hq8.js[CRAWLER] extracting... Fetching JS 43_eu686w1hq8.js[CRAWLER] analyzing... Fetching JS 43_eu686w1hq8.js[CRAWLER] mapping... Fetching JS 43_eu686w1hq8.js[CRAWLER] discovering... Fetching JS 43_eu686w1hq8.js[CRAWLER] learning... Fetching JS 43_eu686w1hq8.js[CRAWLER] understanding... Fetching JS 43_eu686w1hq8.js[CRAWLER] extracting... Fetching JS 43_eu686w1hq8.js[CRAWLER] analyzing... Fetching JS 43_eu686w1hq8.js[CRAWLER] mapping... Fetching JS 43_eu686w1hq8.js[CRAWLER] discovering... Fetching JS 43_eu686w1hq8.js[CRAWLER] learning... Fetching JS 42qonk6yykrqb.js[CRAWLER] understanding... Fetching JS 42qonk6yykrqb.js[CRAWLER] extracting... Fetching JS 42qonk6yykrqb.js[CRAWLER] analyzing... Fetching JS 42qonk6yykrqb.js[CRAWLER] mapping... Fetching JS 42qonk6yykrqb.js[CRAWLER] discovering... Fetching JS 42qonk6yykrqb.js[CRAWLER] learning... Fetching JS 42qonk6yykrqb.js[CRAWLER] understanding... Fetching JS 42qonk6yykrqb.js[CRAWLER] extracting... Fetching JS 42qonk6yykrqb.js[CRAWLER] analyzing... Fetching JS 42qonk6yykrqb.js[CRAWLER] mapping... Fetching JS 42qonk6yykrqb.js[CRAWLER] discovering... Fetching JS 42qonk6yykrqb.js[CRAWLER] learning... Fetching JS 42qonk6yykrqb.js[CRAWLER] understanding... Fetching JS 42qonk6yykrqb.js[CRAWLER] extracting... Fetching JS 42qonk6yykrqb.js[CRAWLER] analyzing... Fetching JS 42qonk6yykrqb.js[CRAWLER] mapping... Fetching JS 42qonk6yykrqb.js[CRAWLER] discovering... Fetching JS 42qonk6yykrqb.js[CRAWLER] learning... Fetching JS 42qonk6yykrqb.js[CRAWLER] understanding... Fetching JS 42qonk6yykrqb.js[CRAWLER] extracting... Fetching JS 42qonk6yykrqb.js[CRAWLER] analyzing... Fetching JS 42qonk6yykrqb.js[CRAWLER] mapping... Fetching JS 42qonk6yykrqb.js[CRAWLER] discovering... Fetching JS 42qonk6yykrqb.js[CRAWLER] learning... Fetching JS 42qonk6yykrqb.js[CRAWLER] understanding... Fetching JS 42qonk6yykrqb.js[CRAWLER] extracting... Fetching JS 42qonk6yykrqb.js[CRAWLER] analyzing... Fetching JS 42qonk6yykrqb.js[CRAWLER] mapping... Fetching JS 42qonk6yykrqb.js[CRAWLER] discovering... Fetching JS 42qonk6yykrqb.js[CRAWLER] learning... Fetching JS 42qonk6yykrqb.js[CRAWLER] understanding... Fetching JS 42qonk6yykrqb.js[CRAWLER] extracting... Fetching JS 42qonk6yykrqb.js[CRAWLER] analyzing... Fetching JS 42qonk6yykrqb.js[CRAWLER] mapping... Fetching JS 42qonk6yykrqb.js[CRAWLER] discovering... Fetching JS 42qonk6yykrqb.js[CRAWLER] learning... Fetching JS 42qonk6yykrqb.js[CRAWLER] understanding... Fetching JS 42qonk6yykrqb.js[CRAWLER] extracting... Fetching JS 42qonk6yykrqb.js[CRAWLER] analyzing... Fetching JS 42qonk6yykrqb.js[CRAWLER] mapping... Fetching JS 42qonk6yykrqb.js[CRAWLER] discovering... Fetching JS 42qonk6yykrqb.js[CRAWLER] learning... Fetching JS 42qonk6yykrqb.js[CRAWLER] understanding... Fetching JS 42qonk6yykrqb.js[CRAWLER] extracting... Fetching JS 42qonk6yykrqb.js[CRAWLER] analyzing... Fetching JS 42qonk6yykrqb.js[CRAWLER] mapping... Fetching JS 42qonk6yykrqb.js[CRAWLER] discovering... Fetching JS 42qonk6yykrqb.js[CRAWLER] learning... Fetching JS 42qonk6yykrqb.js[CRAWLER] understanding... Fetching JS 42qonk6yykrqb.js[CRAWLER] extracting... Fetching JS 42qonk6yykrqb.js[CRAWLER] analyzing... Fetching JS 42qonk6yykrqb.js[CRAWLER] mapping... Fetching JS 42qonk6yykrqb.js[CRAWLER] discovering... Fetching JS 2o24h9dz59qtk.js[CRAWLER] learning... Fetching JS 2o24h9dz59qtk.js[CRAWLER] understanding... Fetching JS 2o24h9dz59qtk.js[CRAWLER] extracting... Fetching JS 2o24h9dz59qtk.js[CRAWLER] analyzing... Fetching JS 2o24h9dz59qtk.js[CRAWLER] mapping... Fetching JS 2o24h9dz59qtk.js[CRAWLER] discovering... Fetching JS 2o24h9dz59qtk.js[CRAWLER] learning... Fetching JS 2o24h9dz59qtk.js[CRAWLER] understanding... Fetching JS 2o24h9dz59qtk.js[CRAWLER] extracting... Fetching JS 2o24h9dz59qtk.js[CRAWLER] analyzing... Fetching JS 2o24h9dz59qtk.js[CRAWLER] mapping... Fetching JS 2o24h9dz59qtk.js[CRAWLER] discovering... Fetching JS 2o24h9dz59qtk.js[CRAWLER] learning... Fetching JS 2o24h9dz59qtk.js[CRAWLER] understanding... Fetching JS 2o24h9dz59qtk.js[CRAWLER] extracting... Fetching JS 2o24h9dz59qtk.js[CRAWLER] analyzing... Fetching JS 2o24h9dz59qtk.js[CRAWLER] mapping... Fetching JS 2o24h9dz59qtk.js[CRAWLER] discovering... Fetching JS 2o24h9dz59qtk.js[CRAWLER] learning... Fetching JS 2o24h9dz59qtk.js[CRAWLER] understanding... Fetching JS 2o24h9dz59qtk.js[CRAWLER] extracting... Fetching JS 2o24h9dz59qtk.js[CRAWLER] analyzing... Fetching JS 2o24h9dz59qtk.js[CRAWLER] mapping... Fetching JS 2o24h9dz59qtk.js[CRAWLER] discovering... Fetching JS 2o24h9dz59qtk.js[CRAWLER] learning... Fetching JS 2o24h9dz59qtk.js[CRAWLER] understanding... Fetching JS 2o24h9dz59qtk.js[CRAWLER] extracting... Fetching JS 2o24h9dz59qtk.js[CRAWLER] analyzing... Fetching JS 2o24h9dz59qtk.js[CRAWLER] mapping... Fetching JS 2o24h9dz59qtk.js[CRAWLER] discovering... Fetching JS 2o24h9dz59qtk.js[CRAWLER] learning... Fetching JS 2o24h9dz59qtk.js[CRAWLER] understanding... Fetching JS 2o24h9dz59qtk.js[CRAWLER] extracting... Fetching JS 2o24h9dz59qtk.js[CRAWLER] analyzing... Fetching JS 2o24h9dz59qtk.js[CRAWLER] mapping... Fetching JS 2o24h9dz59qtk.js[CRAWLER] discovering... Fetching JS 2o24h9dz59qtk.js[CRAWLER] learning... Fetching JS 2o24h9dz59qtk.js[CRAWLER] understanding... Fetching JS 2o24h9dz59qtk.js[CRAWLER] extracting... Fetching JS 2o24h9dz59qtk.js[CRAWLER] analyzing... Fetching JS 2o24h9dz59qtk.js[CRAWLER] mapping... Fetching JS 2o24h9dz59qtk.js[CRAWLER] discovering... Fetching JS 2o24h9dz59qtk.js[CRAWLER] learning... Fetching JS 2o24h9dz59qtk.js[CRAWLER] understanding... Fetching JS 2o24h9dz59qtk.js[CRAWLER] extracting... Fetching JS 2o24h9dz59qtk.js[CRAWLER] analyzing... Fetching JS 2o24h9dz59qtk.js[CRAWLER] mapping... Fetching JS 2o24h9dz59qtk.js[CRAWLER] discovering... Fetching JS 2o24h9dz59qtk.js[CRAWLER] learning... Fetching JS 2o24h9dz59qtk.js[CRAWLER] understanding... Fetching JS 2yl-kp433yg6q.js[CRAWLER] extracting... Fetching JS 2yl-kp433yg6q.js[CRAWLER] analyzing... Fetching JS 2yl-kp433yg6q.js[CRAWLER] mapping... Fetching JS 2yl-kp433yg6q.js[CRAWLER] discovering... Fetching JS 2yl-kp433yg6q.js[CRAWLER] learning... Fetching JS 2yl-kp433yg6q.js[CRAWLER] understanding... Fetching JS 2yl-kp433yg6q.js[CRAWLER] extracting... Fetching JS 2yl-kp433yg6q.js[CRAWLER] analyzing... Fetching JS 2yl-kp433yg6q.js[CRAWLER] mapping... Fetching JS 2yl-kp433yg6q.js[CRAWLER] discovering... Fetching JS 2yl-kp433yg6q.js[CRAWLER] learning... Fetching JS 2yl-kp433yg6q.js[CRAWLER] understanding... Fetching JS 2yl-kp433yg6q.js[CRAWLER] extracting... Fetching JS 2yl-kp433yg6q.js[CRAWLER] analyzing... Fetching JS 2yl-kp433yg6q.js[CRAWLER] mapping... Fetching JS 2yl-kp433yg6q.js[CRAWLER] discovering... Fetching JS 2yl-kp433yg6q.js[CRAWLER] learning... Fetching JS 2yl-kp433yg6q.js[CRAWLER] understanding... Fetching JS 2yl-kp433yg6q.js[CRAWLER] extracting... Fetching JS 2yl-kp433yg6q.js[CRAWLER] analyzing... Fetching JS 2yl-kp433yg6q.js[CRAWLER] mapping... Fetching JS 2yl-kp433yg6q.js[CRAWLER] discovering... Fetching JS 2yl-kp433yg6q.js[CRAWLER] learning... Fetching JS 2yl-kp433yg6q.js[CRAWLER] understanding... Fetching JS 2yl-kp433yg6q.js[CRAWLER] extracting... Fetching JS 2yl-kp433yg6q.js[CRAWLER] analyzing... Fetching JS 2yl-kp433yg6q.js[CRAWLER] mapping... Fetching JS 2yl-kp433yg6q.js[CRAWLER] discovering... Fetching JS 2yl-kp433yg6q.js[CRAWLER] learning... Fetching JS 2yl-kp433yg6q.js[CRAWLER] understanding... Fetching JS 2yl-kp433yg6q.js[CRAWLER] extracting... Fetching JS 2yl-kp433yg6q.js[CRAWLER] analyzing... Fetching JS 2yl-kp433yg6q.js[CRAWLER] mapping... Fetching JS 2yl-kp433yg6q.js[CRAWLER] discovering... Fetching JS 2yl-kp433yg6q.js[CRAWLER] learning... Fetching JS 2yl-kp433yg6q.js[CRAWLER] understanding... Fetching JS 2yl-kp433yg6q.js[CRAWLER] extracting... Fetching JS 2yl-kp433yg6q.js[CRAWLER] analyzing... Fetching JS 2yl-kp433yg6q.js[CRAWLER] mapping... Fetching JS 2yl-kp433yg6q.js[CRAWLER] discovering... Fetching JS 2yl-kp433yg6q.js[CRAWLER] learning... Fetching JS 2yl-kp433yg6q.js[CRAWLER] understanding... Fetching JS 2yl-kp433yg6q.js[CRAWLER] extracting... Fetching JS 2yl-kp433yg6q.js[CRAWLER] analyzing... Fetching JS 2yl-kp433yg6q.js[CRAWLER] mapping... Fetching JS 2yl-kp433yg6q.js[CRAWLER] discovering... Fetching JS 2yl-kp433yg6q.js[CRAWLER] learning... Fetching JS 2yl-kp433yg6q.js[CRAWLER] understanding... Fetching JS 2yl-kp433yg6q.js[CRAWLER] extracting... Fetching JS 2yl-kp433yg6q.js[CRAWLER] analyzing... Fetching JS 2yl-kp433yg6q.js[CRAWLER] mapping... Fetching JS 2q1p-p3ojry7a.js[CRAWLER] discovering... Fetching JS 2q1p-p3ojry7a.js[CRAWLER] learning... Fetching JS 2q1p-p3ojry7a.js[CRAWLER] understanding... Fetching JS 2q1p-p3ojry7a.js[CRAWLER] extracting... Fetching JS 2q1p-p3ojry7a.js[CRAWLER] analyzing... Fetching JS 2q1p-p3ojry7a.js[CRAWLER] mapping... Fetching JS 2q1p-p3ojry7a.js[CRAWLER] discovering... Fetching JS 2q1p-p3ojry7a.js[CRAWLER] learning... Fetching JS 2q1p-p3ojry7a.js[CRAWLER] understanding... Fetching JS 2q1p-p3ojry7a.js[CRAWLER] extracting... Fetching JS 2q1p-p3ojry7a.js[CRAWLER] analyzing... Fetching JS 2q1p-p3ojry7a.js[CRAWLER] mapping... Fetching JS 2q1p-p3ojry7a.js[CRAWLER] discovering... Fetching JS 2q1p-p3ojry7a.js[CRAWLER] learning... Fetching JS 2q1p-p3ojry7a.js[CRAWLER] understanding... Fetching JS 2q1p-p3ojry7a.js[CRAWLER] extracting... Fetching JS 2q1p-p3ojry7a.js[CRAWLER] analyzing... Fetching JS 2q1p-p3ojry7a.js[CRAWLER] mapping... Fetching JS 2q1p-p3ojry7a.js[CRAWLER] discovering... Fetching JS 2q1p-p3ojry7a.js[CRAWLER] learning... Fetching JS 2q1p-p3ojry7a.js[CRAWLER] understanding... Fetching JS 2q1p-p3ojry7a.js[CRAWLER] extracting... Fetching JS 2q1p-p3ojry7a.js[CRAWLER] analyzing... Fetching JS 2q1p-p3ojry7a.js[CRAWLER] mapping... Fetching JS 2q1p-p3ojry7a.js[CRAWLER] discovering... Fetching JS 2q1p-p3ojry7a.js[CRAWLER] learning... Fetching JS 2q1p-p3ojry7a.js[CRAWLER] understanding... Fetching JS 2q1p-p3ojry7a.js[CRAWLER] extracting... Fetching JS 2q1p-p3ojry7a.js[CRAWLER] analyzing... Fetching JS 2q1p-p3ojry7a.js[CRAWLER] mapping... Fetching JS 2q1p-p3ojry7a.js[CRAWLER] discovering... Fetching JS 2q1p-p3ojry7a.js[CRAWLER] learning... Fetching JS 2q1p-p3ojry7a.js[CRAWLER] understanding... Fetching JS 2q1p-p3ojry7a.js[CRAWLER] extracting... Fetching JS 2q1p-p3ojry7a.js[CRAWLER] analyzing... Fetching JS 2q1p-p3ojry7a.js[CRAWLER] mapping... Fetching JS 2q1p-p3ojry7a.js[CRAWLER] discovering... Fetching JS 2q1p-p3ojry7a.js[CRAWLER] learning... Fetching JS 2q1p-p3ojry7a.js[CRAWLER] understanding... Fetching JS 2q1p-p3ojry7a.js[CRAWLER] extracting... Fetching JS 2q1p-p3ojry7a.js[CRAWLER] analyzing... Fetching JS 2q1p-p3ojry7a.js[CRAWLER] mapping... Fetching JS 2q1p-p3ojry7a.js[CRAWLER] discovering... Fetching JS 2q1p-p3ojry7a.js[CRAWLER] learning... Fetching JS 2q1p-p3ojry7a.js[CRAWLER] understanding... Fetching JS 2q1p-p3ojry7a.js[CRAWLER] extracting... Fetching JS 2q1p-p3ojry7a.js[CRAWLER] analyzing... Fetching JS 2q1p-p3ojry7a.js[CRAWLER] mapping... Fetching JS 2q1p-p3ojry7a.js[CRAWLER] discovering... Fetching JS 2q1p-p3ojry7a.js[CRAWLER] learning... Fetching JS 2q1p-p3ojry7a.js[CRAWLER] understanding... Fetching JS 2q1p-p3ojry7a.js[CRAWLER] extracting... Fetching JS 2q1p-p3ojry7a.js[CRAWLER] analyzing... Fetching JS 0afqtpkky8_44.js[CRAWLER] mapping... Fetching JS 0afqtpkky8_44.js[CRAWLER] discovering... Fetching JS 0afqtpkky8_44.js[CRAWLER] learning... Fetching JS 0afqtpkky8_44.js[CRAWLER] understanding... Fetching JS 0afqtpkky8_44.js[CRAWLER] extracting... Fetching JS 0afqtpkky8_44.js[CRAWLER] analyzing... Fetching JS 0afqtpkky8_44.js[CRAWLER] mapping... Fetching JS 0afqtpkky8_44.js[CRAWLER] discovering... Fetching JS 0afqtpkky8_44.js[CRAWLER] learning... Fetching JS 0afqtpkky8_44.js[CRAWLER] understanding... Fetching JS 0afqtpkky8_44.js[CRAWLER] extracting... Fetching JS 0afqtpkky8_44.js[CRAWLER] analyzing... Fetching JS 0afqtpkky8_44.js[CRAWLER] mapping... Fetching JS 0afqtpkky8_44.js[CRAWLER] discovering... Fetching JS 0afqtpkky8_44.js[CRAWLER] learning... Fetching JS 0afqtpkky8_44.js[CRAWLER] understanding... Fetching JS 0afqtpkky8_44.js[CRAWLER] extracting... Fetching JS 0afqtpkky8_44.js[CRAWLER] analyzing... Fetching JS 0afqtpkky8_44.js[CRAWLER] mapping... Fetching JS 0afqtpkky8_44.js[CRAWLER] discovering... Fetching JS 0afqtpkky8_44.js[CRAWLER] learning... Fetching JS 0afqtpkky8_44.js[CRAWLER] understanding... Fetching JS 0afqtpkky8_44.js[CRAWLER] extracting... Fetching JS 0afqtpkky8_44.js[CRAWLER] analyzing... Fetching JS 0afqtpkky8_44.js[CRAWLER] mapping... Fetching JS 0afqtpkky8_44.js[CRAWLER] discovering... Fetching JS 0afqtpkky8_44.js[CRAWLER] learning... Fetching JS 0afqtpkky8_44.js[CRAWLER] understanding... Fetching JS 0afqtpkky8_44.js[CRAWLER] extracting... Fetching JS 0afqtpkky8_44.js[CRAWLER] analyzing... Fetching JS 0afqtpkky8_44.js[CRAWLER] mapping... Fetching JS 0afqtpkky8_44.js[CRAWLER] discovering... Fetching JS 0afqtpkky8_44.js[CRAWLER] learning... Fetching JS 0afqtpkky8_44.js[CRAWLER] understanding... Fetching JS 0afqtpkky8_44.js[CRAWLER] extracting... Fetching JS 0afqtpkky8_44.js[CRAWLER] analyzing... Fetching JS 0afqtpkky8_44.js[CRAWLER] mapping... Fetching JS 0afqtpkky8_44.js[CRAWLER] discovering... Fetching JS 0afqtpkky8_44.js[CRAWLER] learning... Fetching JS 0afqtpkky8_44.js[CRAWLER] understanding... Fetching JS 0afqtpkky8_44.js[CRAWLER] extracting... Fetching JS 0afqtpkky8_44.js[CRAWLER] analyzing... Fetching JS 0afqtpkky8_44.js[CRAWLER] mapping... Fetching JS 0afqtpkky8_44.js[CRAWLER] discovering... Fetching JS 0afqtpkky8_44.js[CRAWLER] learning... Fetching JS 0afqtpkky8_44.js[CRAWLER] understanding... Fetching JS 2_vr-fvl8wm57.js[CRAWLER] extracting... Fetching JS 2_vr-fvl8wm57.js[CRAWLER] analyzing... Fetching JS 2_vr-fvl8wm57.js[CRAWLER] mapping... Fetching JS 2_vr-fvl8wm57.js[CRAWLER] discovering... Fetching JS 2_vr-fvl8wm57.js[CRAWLER] learning... Fetching JS 2_vr-fvl8wm57.js[CRAWLER] understanding... Fetching JS 2_vr-fvl8wm57.js[CRAWLER] extracting... Fetching JS 2_vr-fvl8wm57.js[CRAWLER] analyzing... Fetching JS 2_vr-fvl8wm57.js[CRAWLER] mapping... Fetching JS 2_vr-fvl8wm57.js[CRAWLER] discovering... Fetching JS 2_vr-fvl8wm57.js[CRAWLER] learning... Fetching JS 2_vr-fvl8wm57.js[CRAWLER] understanding... Fetching JS 2_vr-fvl8wm57.js[CRAWLER] extracting... Fetching JS 2_vr-fvl8wm57.js[CRAWLER] analyzing... Fetching JS 2_vr-fvl8wm57.js[CRAWLER] mapping... Fetching JS 2_vr-fvl8wm57.js[CRAWLER] discovering... Fetching JS 2_vr-fvl8wm57.js[CRAWLER] learning... Fetching JS 2_vr-fvl8wm57.js[CRAWLER] understanding... Fetching JS 2_vr-fvl8wm57.js[CRAWLER] extracting... Fetching JS 2_vr-fvl8wm57.js[CRAWLER] analyzing... Fetching JS 2_vr-fvl8wm57.js[CRAWLER] mapping... Fetching JS 2_vr-fvl8wm57.js[CRAWLER] discovering... Fetching JS 2_vr-fvl8wm57.js[CRAWLER] learning... Fetching JS 2_vr-fvl8wm57.js[CRAWLER] understanding... Fetching JS 2_vr-fvl8wm57.js[CRAWLER] extracting... Fetching JS 2_vr-fvl8wm57.js[CRAWLER] analyzing... Fetching JS 2_vr-fvl8wm57.js[CRAWLER] mapping... Fetching JS 2_vr-fvl8wm57.js[CRAWLER] discovering... Fetching JS 2_vr-fvl8wm57.js[CRAWLER] learning... Fetching JS 2_vr-fvl8wm57.js[CRAWLER] understanding... Fetching JS 2_vr-fvl8wm57.js[CRAWLER] extracting... Fetching JS 2_vr-fvl8wm57.js[CRAWLER] analyzing... Fetching JS 2_vr-fvl8wm57.js[CRAWLER] mapping... Fetching JS 2_vr-fvl8wm57.js[CRAWLER] discovering... Fetching JS 2_vr-fvl8wm57.js[CRAWLER] learning... Fetching JS 2_vr-fvl8wm57.js[CRAWLER] understanding... Fetching JS 2_vr-fvl8wm57.js[CRAWLER] extracting... Fetching JS 2_vr-fvl8wm57.js[CRAWLER] analyzing... Fetching JS 2_vr-fvl8wm57.js[CRAWLER] mapping... Fetching JS 2_vr-fvl8wm57.js[CRAWLER] discovering... Fetching JS 2_vr-fvl8wm57.js[CRAWLER] learning... Fetching JS 2_vr-fvl8wm57.js[CRAWLER] understanding... Fetching JS 2_vr-fvl8wm57.js[CRAWLER] extracting... Fetching JS 2_vr-fvl8wm57.js[CRAWLER] analyzing... Fetching JS 2_vr-fvl8wm57.js[CRAWLER] mapping... Fetching JS 2_vr-fvl8wm57.js[CRAWLER] discovering... Fetching JS 2_vr-fvl8wm57.js[CRAWLER] learning... Fetching JS 2_vr-fvl8wm57.js[CRAWLER] understanding... Fetching JS 2_vr-fvl8wm57.js[CRAWLER] extracting... Fetching JS 2_vr-fvl8wm57.js[CRAWLER] analyzing... Fetching JS 2_vr-fvl8wm57.js[CRAWLER] mapping... Fetching JS 2_vr-fvl8wm57.js[CRAWLER] discovering... Fetching JS 2_vr-fvl8wm57.js[CRAWLER] learning... Fetching JS 171njie_lve2k.js[CRAWLER] understanding... Fetching JS 171njie_lve2k.js[CRAWLER] extracting... Fetching JS 171njie_lve2k.js[CRAWLER] analyzing... Fetching JS 171njie_lve2k.js[CRAWLER] mapping... Fetching JS 171njie_lve2k.js[CRAWLER] discovering... Fetching JS 171njie_lve2k.js[CRAWLER] learning... Fetching JS 171njie_lve2k.js[CRAWLER] understanding... Fetching JS 171njie_lve2k.js[CRAWLER] extracting... Fetching JS 171njie_lve2k.js[CRAWLER] analyzing... Fetching JS 171njie_lve2k.js[CRAWLER] mapping... Fetching JS 171njie_lve2k.js[CRAWLER] discovering... Fetching JS 171njie_lve2k.js[CRAWLER] learning... Fetching JS 171njie_lve2k.js[CRAWLER] understanding... Fetching JS 171njie_lve2k.js[CRAWLER] extracting... Fetching JS 171njie_lve2k.js[CRAWLER] analyzing... Fetching JS 171njie_lve2k.js[CRAWLER] mapping... Fetching JS 171njie_lve2k.js[CRAWLER] discovering... Fetching JS 171njie_lve2k.js[CRAWLER] learning... Fetching JS 171njie_lve2k.js[CRAWLER] understanding... Fetching JS 171njie_lve2k.js[CRAWLER] extracting... Fetching JS 171njie_lve2k.js[CRAWLER] analyzing... Fetching JS 171njie_lve2k.js[CRAWLER] mapping... Fetching JS 171njie_lve2k.js[CRAWLER] discovering... Fetching JS 171njie_lve2k.js[CRAWLER] learning... Fetching JS 171njie_lve2k.js[CRAWLER] understanding... Fetching JS 171njie_lve2k.js[CRAWLER] extracting... Fetching JS 171njie_lve2k.js[CRAWLER] analyzing... Fetching JS 171njie_lve2k.js[CRAWLER] mapping... Fetching JS 171njie_lve2k.js[CRAWLER] discovering... Fetching JS 171njie_lve2k.js[CRAWLER] learning... Fetching JS 171njie_lve2k.js[CRAWLER] understanding... Fetching JS 171njie_lve2k.js[CRAWLER] extracting... Fetching JS 171njie_lve2k.js[CRAWLER] analyzing... Fetching JS 171njie_lve2k.js[CRAWLER] mapping... Fetching JS 171njie_lve2k.js[CRAWLER] discovering... Fetching JS 171njie_lve2k.js[CRAWLER] learning... Fetching JS 171njie_lve2k.js[CRAWLER] understanding... Fetching JS 171njie_lve2k.js[CRAWLER] extracting... Fetching JS 171njie_lve2k.js[CRAWLER] analyzing... Fetching JS 171njie_lve2k.js[CRAWLER] mapping... Fetching JS 171njie_lve2k.js[CRAWLER] discovering... Fetching JS 171njie_lve2k.js[CRAWLER] learning... Fetching JS 171njie_lve2k.js[CRAWLER] understanding... Fetching JS 171njie_lve2k.js[CRAWLER] extracting... Fetching JS 171njie_lve2k.js[CRAWLER] analyzing... Fetching JS 171njie_lve2k.js[CRAWLER] mapping... Fetching JS 171njie_lve2k.js[CRAWLER] discovering... Fetching JS 0cz1d0mv5g_q7.js[CRAWLER] learning... Fetching JS 0cz1d0mv5g_q7.js[CRAWLER] understanding... Fetching JS 0cz1d0mv5g_q7.js[CRAWLER] extracting... Fetching JS 0cz1d0mv5g_q7.js[CRAWLER] analyzing... Fetching JS 0cz1d0mv5g_q7.js[CRAWLER] mapping... Fetching JS 0cz1d0mv5g_q7.js[CRAWLER] discovering... Fetching JS 0cz1d0mv5g_q7.js[CRAWLER] learning... Fetching JS 0cz1d0mv5g_q7.js[CRAWLER] understanding... Fetching JS 0cz1d0mv5g_q7.js[CRAWLER] extracting... Fetching JS 0cz1d0mv5g_q7.js[CRAWLER] analyzing... Fetching JS 0cz1d0mv5g_q7.js[CRAWLER] mapping... Fetching JS 0cz1d0mv5g_q7.js[CRAWLER] discovering... Fetching JS 0cz1d0mv5g_q7.js[CRAWLER] learning... Fetching JS 0cz1d0mv5g_q7.js[CRAWLER] understanding... Fetching JS 0cz1d0mv5g_q7.js[CRAWLER] extracting... Fetching JS 0cz1d0mv5g_q7.js[CRAWLER] analyzing... Fetching JS 0cz1d0mv5g_q7.js[CRAWLER] mapping... Fetching JS 0cz1d0mv5g_q7.js[CRAWLER] discovering... Fetching JS 0cz1d0mv5g_q7.js[CRAWLER] learning... Fetching JS 0cz1d0mv5g_q7.js[CRAWLER] understanding... Fetching JS 0cz1d0mv5g_q7.js[CRAWLER] extracting... Fetching JS 0cz1d0mv5g_q7.js[CRAWLER] analyzing... Fetching JS 0cz1d0mv5g_q7.js[CRAWLER] mapping... Fetching JS 0cz1d0mv5g_q7.js[CRAWLER] discovering... Fetching JS 0cz1d0mv5g_q7.js[CRAWLER] learning... Fetching JS 0cz1d0mv5g_q7.js[CRAWLER] understanding... Fetching JS 0cz1d0mv5g_q7.js[CRAWLER] extracting... Fetching JS 0cz1d0mv5g_q7.js[CRAWLER] analyzing... Fetching JS 0cz1d0mv5g_q7.js[CRAWLER] mapping... Fetching JS 0cz1d0mv5g_q7.js[CRAWLER] discovering... Fetching JS 0cz1d0mv5g_q7.js[CRAWLER] learning... Fetching JS 0cz1d0mv5g_q7.js[CRAWLER] understanding... Fetching JS 0cz1d0mv5g_q7.js[CRAWLER] extracting... Fetching JS 0cz1d0mv5g_q7.js[CRAWLER] analyzing... Fetching JS 0cz1d0mv5g_q7.js[CRAWLER] mapping... Fetching JS 0cz1d0mv5g_q7.js[CRAWLER] discovering... Fetching JS 0cz1d0mv5g_q7.js[CRAWLER] learning... Fetching JS 0cz1d0mv5g_q7.js[CRAWLER] understanding... Fetching JS 0cz1d0mv5g_q7.js[CRAWLER] extracting... Fetching JS 0cz1d0mv5g_q7.js[CRAWLER] analyzing... Fetching JS 0cz1d0mv5g_q7.js[CRAWLER] mapping... Fetching JS 0cz1d0mv5g_q7.js[CRAWLER] discovering... Fetching JS 0cz1d0mv5g_q7.js[CRAWLER] learning... Fetching JS 0cz1d0mv5g_q7.js[CRAWLER] understanding... Fetching JS 0cz1d0mv5g_q7.js[CRAWLER] extracting... Fetching JS 0cz1d0mv5g_q7.js[CRAWLER] analyzing... Fetching JS 0cz1d0mv5g_q7.js[CRAWLER] mapping... Fetching JS 0cz1d0mv5g_q7.js[CRAWLER] discovering... Fetching JS 0cz1d0mv5g_q7.js[CRAWLER] learning... Fetching JS 1bwuw0-vm6dkc.js[CRAWLER] understanding... Fetching JS 1bwuw0-vm6dkc.js[CRAWLER] extracting... Fetching JS 1bwuw0-vm6dkc.js[CRAWLER] analyzing... Fetching JS 1bwuw0-vm6dkc.js[CRAWLER] mapping... Fetching JS 1bwuw0-vm6dkc.js[CRAWLER] discovering... Fetching JS 1bwuw0-vm6dkc.js[CRAWLER] learning... Fetching JS 1bwuw0-vm6dkc.js[CRAWLER] understanding... Fetching JS 1bwuw0-vm6dkc.js[CRAWLER] extracting... Fetching JS 1bwuw0-vm6dkc.js[CRAWLER] analyzing... Fetching JS 1bwuw0-vm6dkc.js[CRAWLER] mapping... Fetching JS 1bwuw0-vm6dkc.js[CRAWLER] discovering... Fetching JS 1bwuw0-vm6dkc.js[CRAWLER] learning... Fetching JS 1bwuw0-vm6dkc.js[CRAWLER] understanding... Fetching JS 1bwuw0-vm6dkc.js[CRAWLER] extracting... Fetching JS 1bwuw0-vm6dkc.js[CRAWLER] analyzing... Fetching JS 1bwuw0-vm6dkc.js[CRAWLER] mapping... Fetching JS 1bwuw0-vm6dkc.js[CRAWLER] discovering... Fetching JS 1bwuw0-vm6dkc.js[CRAWLER] learning... Fetching JS 1bwuw0-vm6dkc.js[CRAWLER] understanding... Fetching JS 1bwuw0-vm6dkc.js[CRAWLER] extracting... Fetching JS 1bwuw0-vm6dkc.js[CRAWLER] analyzing... Fetching JS 1bwuw0-vm6dkc.js[CRAWLER] mapping... Fetching JS 1bwuw0-vm6dkc.js[CRAWLER] discovering... Fetching JS 1bwuw0-vm6dkc.js[CRAWLER] learning... Fetching JS 1bwuw0-vm6dkc.js[CRAWLER] understanding... Fetching JS 1bwuw0-vm6dkc.js[CRAWLER] extracting... Fetching JS 1bwuw0-vm6dkc.js[CRAWLER] analyzing... Fetching JS 1bwuw0-vm6dkc.js[CRAWLER] mapping... Fetching JS 1bwuw0-vm6dkc.js[CRAWLER] discovering... Fetching JS 1bwuw0-vm6dkc.js[CRAWLER] learning... Fetching JS 1bwuw0-vm6dkc.js[CRAWLER] understanding... Fetching JS 1bwuw0-vm6dkc.js[CRAWLER] extracting... Fetching JS 1bwuw0-vm6dkc.js[CRAWLER] analyzing... Fetching JS 1bwuw0-vm6dkc.js[CRAWLER] mapping... Fetching JS 1bwuw0-vm6dkc.js[CRAWLER] discovering... Fetching JS 1bwuw0-vm6dkc.js[CRAWLER] learning... Fetching JS 1bwuw0-vm6dkc.js[CRAWLER] understanding... Fetching JS 1bwuw0-vm6dkc.js[CRAWLER] extracting... Fetching JS 1bwuw0-vm6dkc.js[CRAWLER] analyzing... Fetching JS 1bwuw0-vm6dkc.js[CRAWLER] mapping... Fetching JS 1bwuw0-vm6dkc.js[CRAWLER] discovering... Fetching JS 1bwuw0-vm6dkc.js[CRAWLER] learning... Fetching JS 1bwuw0-vm6dkc.js[CRAWLER] understanding... Fetching JS 1bwuw0-vm6dkc.js[CRAWLER] extracting... Fetching JS 1bwuw0-vm6dkc.js[CRAWLER] analyzing... Fetching JS 1bwuw0-vm6dkc.js[CRAWLER] mapping... Fetching JS 1bwuw0-vm6dkc.js[CRAWLER] discovering... Fetching JS 1bwuw0-vm6dkc.js[CRAWLER] learning... Fetching JS 1bwuw0-vm6dkc.js[CRAWLER] understanding... Fetching JS 1bwuw0-vm6dkc.js[CRAWLER] extracting... Fetching JS 1bwuw0-vm6dkc.js[CRAWLER] analyzing... Fetching JS 1bwuw0-vm6dkc.js[CRAWLER] mapping... AI analysis of https://ptisqa.scipl.info.in/en/login[CRAWLER] discovering... AI analysis of https://ptisqa.scipl.info.in/en/login[CRAWLER] learning... AI analysis of https://ptisqa.scipl.info.in/en/login[CRAWLER] understanding... AI analysis of https://ptisqa.scipl.info.in/en/login[CRAWLER] extracting... AI analysis of https://ptisqa.scipl.info.in/en/login[CRAWLER] analyzing... AI analysis of https://ptisqa.scipl.info.in/en/login[CRAWLER] mapping... AI analysis of https://ptisqa.scipl.info.in/en/login[CRAWLER] discovering... AI analysis of https://ptisqa.scipl.info.in/en/login[CRAWLER] learning... AI analysis of https://ptisqa.scipl.info.in/en/login[CRAWLER] understanding... AI analysis of https://ptisqa.scipl.info.in/en/login[CRAWLER] extracting... AI analysis of https://ptisqa.scipl.info.in/en/login[CRAWLER] analyzing... AI analysis of https://ptisqa.scipl.info.in/en/login[CRAWLER] mapping... AI analysis of https://ptisqa.scipl.info.in/en/login[CRAWLER] discovering... AI analysis of https://ptisqa.scipl.info.in/en/login[CRAWLER] learning... AI analysis of https://ptisqa.scipl.info.in/en/login[CRAWLER] understanding... AI analysis of https://ptisqa.scipl.info.in/en/login[CRAWLER] extracting... AI analysis of https://ptisqa.scipl.info.in/en/login[CRAWLER] analyzing... AI analysis of https://ptisqa.scipl.info.in/en/login[CRAWLER] mapping... AI analysis of https://ptisqa.scipl.info.in/en/login[CRAWLER] discovering... AI analysis of https://ptisqa.scipl.info.in/en/login[CRAWLER] learning... AI analysis of https://ptisqa.scipl.info.in/en/login[CRAWLER] understanding... AI analysis of https://ptisqa.scipl.info.in/en/login[CRAWLER] extracting... AI analysis of https://ptisqa.scipl.info.in/en/login[CRAWLER] analyzing... AI analysis of https://ptisqa.scipl.info.in/en/login[CRAWLER] mapping... AI analysis of https://ptisqa.scipl.info.in/en/login[CRAWLER] discovering... AI analysis of https://ptisqa.scipl.info.in/en/login[CRAWLER] learning... AI analysis of https://ptisqa.scipl.info.in/en/login[CRAWLER] understanding... AI analysis of https://ptisqa.scipl.info.in/en/login[CRAWLER] extracting... AI analysis of https://ptisqa.scipl.info.in/en/login[CRAWLER] analyzing... AI analysis of https://ptisqa.scipl.info.in/en/login[CRAWLER] mapping... AI analysis of https://ptisqa.scipl.info.in/en/login[CRAWLER] discovering... AI analysis of https://ptisqa.scipl.info.in/en/login[CRAWLER] learning... AI analysis of https://ptisqa.scipl.info.in/en/login[CRAWLER] understanding... AI analysis of https://ptisqa.scipl.info.in/en/login[CRAWLER] extracting... AI analysis of https://ptisqa.scipl.info.in/en/login[CRAWLER] analyzing... AI analysis of https://ptisqa.scipl.info.in/en/login[CRAWLER] mapping... AI analysis of https://ptisqa.scipl.info.in/en/login[CRAWLER] discovering... AI analysis of https://ptisqa.scipl.info.in/en/login[CRAWLER] learning... AI analysis of https://ptisqa.scipl.info.in/en/login[CRAWLER] understanding... AI analysis of https://ptisqa.scipl.info.in/en/login[CRAWLER] extracting... AI analysis of https://ptisqa.scipl.info.in/en/login[CRAWLER] analyzing... AI analysis of https://ptisqa.scipl.info.in/en/login[CRAWLER] mapping... AI analysis of https://ptisqa.scipl.info.in/en/login[CRAWLER] discovering... AI analysis of https://ptisqa.scipl.info.in/en/login[CRAWLER] learning... AI analysis of https://ptisqa.scipl.info.in/en/login[CRAWLER] understanding... AI analysis of https://ptisqa.scipl.info.in/en/login[CRAWLER] extracting... AI analysis of https://ptisqa.scipl.info.in/en/login[CRAWLER] analyzing... AI analysis of https://ptisqa.scipl.info.in/en/login[CRAWLER] mapping... AI analysis of https://ptisqa.scipl.info.in/en/login[CRAWLER] discovering... AI analysis of https://ptisqa.scipl.info.in/en/login[CRAWLER] learning... AI analysis of https://ptisqa.scipl.info.in/en/login[CRAWLER] understanding... AI analysis of https://ptisqa.scipl.info.in/en/login[CRAWLER] extracting... AI analysis of https://ptisqa.scipl.info.in/en/login[CRAWLER] analyzing... AI analysis of https://ptisqa.scipl.info.in/en/login[CRAWLER] mapping... AI analysis of https://ptisqa.scipl.info.in/en/login[CRAWLER] discovering... AI analysis of https://ptisqa.scipl.info.in/en/login[CRAWLER] learning... AI analysis of https://ptisqa.scipl.info.in/en/login[CRAWLER] understanding... AI analysis of https://ptisqa.scipl.info.in/en/login[CRAWLER] extracting... AI analysis of https://ptisqa.scipl.info.in/en/login[CRAWLER] analyzing... AI analysis of https://ptisqa.scipl.info.in/en/login[CRAWLER] mapping... AI analysis of https://ptisqa.scipl.info.in/en/login[CRAWLER] discovering... AI analysis of https://ptisqa.scipl.info.in/en/login[CRAWLER] learning... AI analysis of https://ptisqa.scipl.info.in/en/login[CRAWLER] understanding... AI analysis of https://ptisqa.scipl.info.in/en/login[CRAWLER] extracting... AI analysis of https://ptisqa.scipl.info.in/en/login[CRAWLER] analyzing... AI analysis of https://ptisqa.scipl.info.in/en/login[CRAWLER] mapping... AI analysis of https://ptisqa.scipl.info.in/en/login[CRAWLER] discovering... AI analysis of https://ptisqa.scipl.info.in/en/login[CRAWLER] learning... AI analysis of https://ptisqa.scipl.info.in/en/login[CRAWLER] understanding... AI analysis of https://ptisqa.scipl.info.in/en/login[CRAWLER] extracting... AI analysis of https://ptisqa.scipl.info.in/en/login[CRAWLER] analyzing... AI analysis of https://ptisqa.scipl.info.in/en/login[CRAWLER] mapping... AI analysis of https://ptisqa.scipl.info.in/en/login[CRAWLER] discovering... AI analysis of https://ptisqa.scipl.info.in/en/login[CRAWLER] learning... AI analysis of https://ptisqa.scipl.info.in/en/login[CRAWLER] understanding... AI analysis of https://ptisqa.scipl.info.in/en/login[CRAWLER] extracting... AI analysis of https://ptisqa.scipl.info.in/en/login[CRAWLER] analyzing... AI analysis of https://ptisqa.scipl.info.in/en/login[CRAWLER] mapping... AI analysis of https://ptisqa.scipl.info.in/en/login[CRAWLER] discovering... AI analysis of https://ptisqa.scipl.info.in/en/login[CRAWLER] learning... AI analysis of https://ptisqa.scipl.info.in/en/login[CRAWLER] understanding... AI analysis of https://ptisqa.scipl.info.in/en/login[CRAWLER] extracting... AI analysis of https://ptisqa.scipl.info.in/en/login[CRAWLER] analyzing... AI analysis of https://ptisqa.scipl.info.in/en/login[CRAWLER] mapping... AI analysis of https://ptisqa.scipl.info.in/en/login[CRAWLER] discovering... AI analysis of https://ptisqa.scipl.info.in/en/login[CRAWLER] learning... AI analysis of https://ptisqa.scipl.info.in/en/login[CRAWLER] understanding... AI analysis of https://ptisqa.scipl.info.in/en/login[CRAWLER] extracting... AI analysis of https://ptisqa.scipl.info.in/en/login[CRAWLER] analyzing... AI analysis of https://ptisqa.scipl.info.in/en/login[CRAWLER] mapping... AI analysis of https://ptisqa.scipl.info.in/en/login[CRAWLER] discovering... AI analysis of https://ptisqa.scipl.info.in/en/login[CRAWLER] learning... AI analysis of https://ptisqa.scipl.info.in/en/login[CRAWLER] understanding... AI analysis of https://ptisqa.scipl.info.in/en/login[CRAWLER] extracting... AI analysis of https://ptisqa.scipl.info.in/en/login[CRAWLER] analyzing... AI analysis of https://ptisqa.scipl.info.in/en/login[CRAWLER] mapping... AI analysis of https://ptisqa.scipl.info.in/en/login[CRAWLER] discovering... AI analysis of https://ptisqa.scipl.info.in/en/login[CRAWLER] learning... AI analysis of https://ptisqa.scipl.info.in/en/login[CRAWLER] understanding... AI analysis of https://ptisqa.scipl.info.in/en/login[CRAWLER] extracting... AI analysis of https://ptisqa.scipl.info.in/en/login[CRAWLER] analyzing... AI analysis of https://ptisqa.scipl.info.in/en/login[CRAWLER] mapping... AI analysis of https://ptisqa.scipl.info.in/en/login[CRAWLER] discovering... AI analysis of https://ptisqa.scipl.info.in/en/login[CRAWLER] learning... AI analysis of https://ptisqa.scipl.info.in/en/login[CRAWLER] understanding... AI analysis of https://ptisqa.scipl.info.in/en/login[CRAWLER] extracting... AI analysis of https://ptisqa.scipl.info.in/en/login[CRAWLER] analyzing... AI analysis of https://ptisqa.scipl.info.in/en/login[CRAWLER] mapping... AI analysis of https://ptisqa.scipl.info.in/en/login[CRAWLER] discovering... AI analysis of https://ptisqa.scipl.info.in/en/login[CRAWLER] learning... AI analysis of https://ptisqa.scipl.info.in/en/login[CRAWLER] understanding... AI analysis of https://ptisqa.scipl.info.in/en/login[CRAWLER] extracting... AI analysis of https://ptisqa.scipl.info.in/en/login[CRAWLER] analyzing... AI analysis of https://ptisqa.scipl.info.in/en/login[CRAWLER] mapping... AI analysis of https://ptisqa.scipl.info.in/en/login[CRAWLER] discovering... AI analysis of https://ptisqa.scipl.info.in/en/login[CRAWLER] learning... AI analysis of https://ptisqa.scipl.info.in/en/login[CRAWLER] understanding... AI analysis of https://ptisqa.scipl.info.in/en/login[CRAWLER] extracting... AI analysis of https://ptisqa.scipl.info.in/en/login[CRAWLER] analyzing... AI analysis of https://ptisqa.scipl.info.in/en/login[CRAWLER] mapping... AI analysis of https://ptisqa.scipl.info.in/en/login[CRAWLER] discovering... AI analysis of https://ptisqa.scipl.info.in/en/login[CRAWLER] learning... AI analysis of https://ptisqa.scipl.info.in/en/login[CRAWLER] understanding... AI analysis of https://ptisqa.scipl.info.in/en/login[CRAWLER] extracting... AI analysis of https://ptisqa.scipl.info.in/en/login[CRAWLER] analyzing... AI analysis of https://ptisqa.scipl.info.in/en/login[CRAWLER] mapping... AI analysis of https://ptisqa.scipl.info.in/en/login[CRAWLER] discovering... AI analysis of https://ptisqa.scipl.info.in/en/login[CRAWLER] learning... AI analysis of https://ptisqa.scipl.info.in/en/login[CRAWLER] understanding... AI analysis of https://ptisqa.scipl.info.in/en/login[CRAWLER] extracting... AI analysis of https://ptisqa.scipl.info.in/en/login[CRAWLER] analyzing... AI analysis of https://ptisqa.scipl.info.in/en/login[CRAWLER] mapping... AI analysis of https://ptisqa.scipl.info.in/en/login[CRAWLER] discovering... AI analysis of https://ptisqa.scipl.info.in/en/login[CRAWLER] learning... AI analysis of https://ptisqa.scipl.info.in/en/login[CRAWLER] understanding... AI analysis of https://ptisqa.scipl.info.in/en/login[CRAWLER] extracting... AI analysis of https://ptisqa.scipl.info.in/en/login[CRAWLER] analyzing... AI analysis of https://ptisqa.scipl.info.in/en/login[CRAWLER] mapping... AI analysis of https://ptisqa.scipl.info.in/en/login[CRAWLER] discovering... AI analysis of https://ptisqa.scipl.info.in/en/login[CRAWLER] learning... AI analysis of https://ptisqa.scipl.info.in/en/login[CRAWLER] understanding... AI analysis of https://ptisqa.scipl.info.in/en/login[CRAWLER] extracting... AI analysis of https://ptisqa.scipl.info.in/en/login[CRAWLER] analyzing... AI analysis of https://ptisqa.scipl.info.in/en/login[CRAWLER] mapping... AI analysis of https://ptisqa.scipl.info.in/en/login[CRAWLER] discovering... AI analysis of https://ptisqa.scipl.info.in/en/login[CRAWLER] learning... AI analysis of https://ptisqa.scipl.info.in/en/login[CRAWLER] understanding... AI analysis of https://ptisqa.scipl.info.in/en/login[CRAWLER] extracting... AI analysis of https://ptisqa.scipl.info.in/en/login[CRAWLER] analyzing... AI analysis of https://ptisqa.scipl.info.in/en/login[CRAWLER] mapping... AI analysis of https://ptisqa.scipl.info.in/en/login[CRAWLER] discovering... AI analysis of https://ptisqa.scipl.info.in/en/login[CRAWLER] learning... AI analysis of https://ptisqa.scipl.info.in/en/login[CRAWLER] understanding... AI analysis of https://ptisqa.scipl.info.in/en/login[CRAWLER] extracting... AI analysis of https://ptisqa.scipl.info.in/en/login[CRAWLER] analyzing... AI analysis of https://ptisqa.scipl.info.in/en/login[CRAWLER] mapping... AI analysis of https://ptisqa.scipl.info.in/en/login[CRAWLER] discovering... AI analysis of https://ptisqa.scipl.info.in/en/login[CRAWLER] learning... AI analysis of https://ptisqa.scipl.info.in/en/login[CRAWLER] understanding... AI analysis of https://ptisqa.scipl.info.in/en/login[CRAWLER] extracting... AI analysis of https://ptisqa.scipl.info.in/en/login[CRAWLER] analyzing... AI analysis of https://ptisqa.scipl.info.in/en/login[CRAWLER] mapping... AI analysis of https://ptisqa.scipl.info.in/en/login[CRAWLER] discovering... AI analysis of https://ptisqa.scipl.info.in/en/login[CRAWLER] learning... AI analysis of https://ptisqa.scipl.info.in/en/login[CRAWLER] understanding... AI analysis of https://ptisqa.scipl.info.in/en/login[CRAWLER] extracting... AI analysis of https://ptisqa.scipl.info.in/en/login[CRAWLER] analyzing... AI analysis of https://ptisqa.scipl.info.in/en/login[CRAWLER] mapping... AI analysis of https://ptisqa.scipl.info.in/en/login[CRAWLER] discovering... AI analysis of https://ptisqa.scipl.info.in/en/login[CRAWLER] learning... AI analysis of https://ptisqa.scipl.info.in/en/login[CRAWLER] understanding... AI analysis of https://ptisqa.scipl.info.in/en/login[CRAWLER] extracting... AI analysis of https://ptisqa.scipl.info.in/en/login[CRAWLER] analyzing... AI analysis of https://ptisqa.scipl.info.in/en/login[CRAWLER] mapping... AI analysis of https://ptisqa.scipl.info.in/en/login[CRAWLER] discovering... AI analysis of https://ptisqa.scipl.info.in/en/login[CRAWLER] learning... AI analysis of https://ptisqa.scipl.info.in/en/login[CRAWLER] understanding... AI analysis of https://ptisqa.scipl.info.in/en/login[CRAWLER] extracting... AI analysis of https://ptisqa.scipl.info.in/en/login[CRAWLER] analyzing... AI analysis of https://ptisqa.scipl.info.in/en/login[CRAWLER] mapping... AI analysis of https://ptisqa.scipl.info.in/en/login[CRAWLER] discovering... AI analysis of https://ptisqa.scipl.info.in/en/login[CRAWLER] learning... AI analysis of https://ptisqa.scipl.info.in/en/login[CRAWLER] understanding... AI analysis of https://ptisqa.scipl.info.in/en/login[CRAWLER] extracting... AI analysis of https://ptisqa.scipl.info.in/en/login[CRAWLER] analyzing... AI analysis of https://ptisqa.scipl.info.in/en/login[CRAWLER] mapping... AI analysis of https://ptisqa.scipl.info.in/en/login[CRAWLER] discovering... AI analysis of https://ptisqa.scipl.info.in/en/login[CRAWLER] learning... AI analysis of https://ptisqa.scipl.info.in/en/login[CRAWLER] understanding... AI analysis of https://ptisqa.scipl.info.in/en/login[CRAWLER] extracting... AI analysis of https://ptisqa.scipl.info.in/en/login[CRAWLER] analyzing... AI analysis of https://ptisqa.scipl.info.in/en/login[CRAWLER] mapping... AI analysis of https://ptisqa.scipl.info.in/en/login[CRAWLER] discovering... AI analysis of https://ptisqa.scipl.info.in/en/login[CRAWLER] learning... AI analysis of https://ptisqa.scipl.info.in/en/login[CRAWLER] understanding... AI analysis of https://ptisqa.scipl.info.in/en/login[CRAWLER] extracting... AI analysis of https://ptisqa.scipl.info.in/en/login[CRAWLER] analyzing... AI analysis of https://ptisqa.scipl.info.in/en/login[CRAWLER] mapping... AI analysis of https://ptisqa.scipl.info.in/en/login[CRAWLER] discovering... AI analysis of https://ptisqa.scipl.info.in/en/login[CRAWLER] learning... AI analysis of https://ptisqa.scipl.info.in/en/login[CRAWLER] understanding... AI analysis of https://ptisqa.scipl.info.in/en/login[CRAWLER] extracting... AI analysis of https://ptisqa.scipl.info.in/en/login[CRAWLER] analyzing... AI analysis of https://ptisqa.scipl.info.in/en/login[CRAWLER] mapping... AI analysis of https://ptisqa.scipl.info.in/en/login[CRAWLER] discovering... AI analysis of https://ptisqa.scipl.info.in/en/login[CRAWLER] learning... AI analysis of https://ptisqa.scipl.info.in/en/login[CRAWLER] understanding... AI analysis of https://ptisqa.scipl.info.in/en/login[CRAWLER] extracting... AI analysis of https://ptisqa.scipl.info.in/en/login[CRAWLER] analyzing... AI analysis of https://ptisqa.scipl.info.in/en/login[CRAWLER] mapping... AI analysis of https://ptisqa.scipl.info.in/en/login[CRAWLER] discovering... AI analysis of https://ptisqa.scipl.info.in/en/login[CRAWLER] learning... AI analysis of https://ptisqa.scipl.info.in/en/login[CRAWLER] understanding... AI analysis of https://ptisqa.scipl.info.in/en/login[CRAWLER] extracting... AI analysis of https://ptisqa.scipl.info.in/en/login[CRAWLER] analyzing... AI analysis of https://ptisqa.scipl.info.in/en/login[CRAWLER] mapping... AI analysis of https://ptisqa.scipl.info.in/en/login[CRAWLER] discovering... AI analysis of https://ptisqa.scipl.info.in/en/login[CRAWLER] learning... AI analysis of https://ptisqa.scipl.info.in/en/login[CRAWLER] understanding... AI analysis of https://ptisqa.scipl.info.in/en/login[CRAWLER] extracting... AI analysis of https://ptisqa.scipl.info.in/en/login[CRAWLER] analyzing... AI analysis of https://ptisqa.scipl.info.in/en/login[CRAWLER] mapping... AI analysis of https://ptisqa.scipl.info.in/en/login[CRAWLER] discovering... AI analysis of https://ptisqa.scipl.info.in/en/login[CRAWLER] learning... AI analysis of https://ptisqa.scipl.info.in/en/login[CRAWLER] understanding... AI analysis of https://ptisqa.scipl.info.in/en/login[CRAWLER] extracting... AI analysis of https://ptisqa.scipl.info.in/en/login[CRAWLER] analyzing... AI analysis of https://ptisqa.scipl.info.in/en/login[CRAWLER] mapping... AI analysis of https://ptisqa.scipl.info.in/en/login[CRAWLER] discovering... AI analysis of https://ptisqa.scipl.info.in/en/login[CRAWLER] learning... AI analysis of https://ptisqa.scipl.info.in/en/login[CRAWLER] understanding... AI analysis of https://ptisqa.scipl.info.in/en/login[CRAWLER] extracting... AI analysis of https://ptisqa.scipl.info.in/en/login[CRAWLER] analyzing... AI analysis of https://ptisqa.scipl.info.in/en/login[CRAWLER] mapping... AI analysis of https://ptisqa.scipl.info.in/en/login[CRAWLER] discovering... AI analysis of https://ptisqa.scipl.info.in/en/login[CRAWLER] learning... AI analysis of https://ptisqa.scipl.info.in/en/login[CRAWLER] understanding... AI analysis of https://ptisqa.scipl.info.in/en/login[CRAWLER] extracting... AI analysis of https://ptisqa.scipl.info.in/en/login[CRAWLER] analyzing... AI analysis of https://ptisqa.scipl.info.in/en/login[CRAWLER] mapping... AI analysis of https://ptisqa.scipl.info.in/en/login[CRAWLER] discovering... AI analysis of https://ptisqa.scipl.info.in/en/login[CRAWLER] learning... AI analysis of https://ptisqa.scipl.info.in/en/login[CRAWLER] understanding... AI analysis of https://ptisqa.scipl.info.in/en/login[CRAWLER] extracting... Analyzing https://ptisqa.scipl.info.in/en/login/forgot-password[CRAWLER] analyzing... Analyzing https://ptisqa.scipl.info.in/en/login/forgot-password[CRAWLER] mapping... Analyzing https://ptisqa.scipl.info.in/en/login/forgot-password[CRAWLER] discovering... Analyzing https://ptisqa.scipl.info.in/en/login/forgot-password[CRAWLER] learning... Analyzing https://ptisqa.scipl.info.in/en/login/forgot-password[CRAWLER] understanding... Analyzing https://ptisqa.scipl.info.in/en/login/forgot-password[CRAWLER] extracting... Analyzing https://ptisqa.scipl.info.in/en/login/forgot-password[CRAWLER] analyzing... Analyzing https://ptisqa.scipl.info.in/en/login/forgot-password[CRAWLER] mapping... Analyzing https://ptisqa.scipl.info.in/en/login/forgot-password[CRAWLER] discovering... Analyzing https://ptisqa.scipl.info.in/en/login/forgot-password[CRAWLER] learning... Analyzing https://ptisqa.scipl.info.in/en/login/forgot-password[CRAWLER] understanding... Analyzing https://ptisqa.scipl.info.in/en/login/forgot-password[CRAWLER] extracting... Analyzing https://ptisqa.scipl.info.in/en/login/forgot-password[CRAWLER] analyzing... Analyzing https://ptisqa.scipl.info.in/en/login/forgot-password[CRAWLER] mapping... Analyzing https://ptisqa.scipl.info.in/en/login/forgot-password[CRAWLER] discovering... Analyzing https://ptisqa.scipl.info.in/en/login/forgot-password[CRAWLER] learning... Analyzing https://ptisqa.scipl.info.in/en/login/forgot-password[CRAWLER] understanding... Analyzing https://ptisqa.scipl.info.in/en/login/forgot-password[CRAWLER] extracting... Analyzing https://ptisqa.scipl.info.in/en/login/forgot-password[CRAWLER] analyzing... Analyzing https://ptisqa.scipl.info.in/en/login/forgot-password[CRAWLER] mapping... Analyzing https://ptisqa.scipl.info.in/en/login/forgot-password[CRAWLER] discovering... Analyzing https://ptisqa.scipl.info.in/en/login/forgot-password[CRAWLER] learning... Analyzing https://ptisqa.scipl.info.in/en/login/forgot-password[CRAWLER] understanding... Analyzing https://ptisqa.scipl.info.in/en/login/forgot-password[CRAWLER] extracting... Analyzing https://ptisqa.scipl.info.in/en/login/forgot-password[CRAWLER] analyzing... Analyzing https://ptisqa.scipl.info.in/en/login/forgot-password[CRAWLER] mapping... Analyzing https://ptisqa.scipl.info.in/en/login/forgot-password[CRAWLER] discovering... Analyzing https://ptisqa.scipl.info.in/en/login/forgot-password[CRAWLER] learning... Analyzing https://ptisqa.scipl.info.in/en/login/forgot-password[CRAWLER] understanding... Analyzing https://ptisqa.scipl.info.in/en/login/forgot-password[CRAWLER] extracting... Analyzing https://ptisqa.scipl.info.in/en/login/forgot-password[CRAWLER] analyzing... Analyzing https://ptisqa.scipl.info.in/en/login/forgot-password[CRAWLER] mapping... Analyzing https://ptisqa.scipl.info.in/en/login/forgot-password[CRAWLER] discovering... Analyzing https://ptisqa.scipl.info.in/en/login/forgot-password[CRAWLER] learning... Analyzing https://ptisqa.scipl.info.in/en/login/forgot-password[CRAWLER] understanding... Analyzing https://ptisqa.scipl.info.in/en/login/forgot-password[CRAWLER] extracting... Analyzing https://ptisqa.scipl.info.in/en/login/forgot-password[CRAWLER] analyzing... Analyzing https://ptisqa.scipl.info.in/en/login/forgot-password

================================================================================
  Session Ended  : 2026-10-06 16:48:13
  Duration       : 00h 17m 21s
  Findings       : 0
  Payloads Tested: 0
=
  Session Ended  : 2026-10-06 16:48:13
  Duration       : 00h 17m 21s
  Findings       : 0
  Payloads Tested: 0
=
  Session Ended  : 2026-10-06 16:48:13
  Duration       : 00h 17m 21s
  Findings       : 0
  Payloads Tested: 0
=
  Session Ended  : 2026-10-06 16:48:13
  Duration       : 00h 17m 21s
  Findings       : 0
  Payloads Tested: 0
=
  Session Ended  : 2026-10-06 16:48:13
  Duration       : 00h 17m 21s
  Findings       : 0
  Payloads Tested: 0
=
  Session Ended  : 2026-10-06 16:48:13
  Duration       : 00h 17m 21s
  Findings       : 0
  Payloads Tested: 0
=
  Session Ended  : 2026-10-06 16:48:13
  Duration       : 00h 17m 21s
  Findings       : 0
  Payloads Tested: 0
=
  Session Ended  : 2026-10-06 16:48:13
  Duration       : 00h 17m 21s
  Findings       : 0
  Payloads Tested: 0
=
  Session Ended  : 2026-10-06 16:48:13
  Duration       : 00h 17m 21s
  Findings       : 0
  Payloads Tested: 0
=
  Session Ended  : 2026-10-06 16:48:13
  Duration       : 00h 17m 21s
  Findings       : 0
  Payloads Tested: 0
=
  Session Ended  : 2026-10-06 16:48:13
  Duration       : 00h 17m 21s
  Findings       : 0
  Payloads Tested: 0
=
  Session Ended  : 2026-10-06 16:48:13
  Duration       : 00h 17m 21s
  Findings       : 0
  Payloads Tested: 0
=
  Session Ended  : 2026-10-06 16:48:13
  Duration       : 00h 17m 21s
  Findings       : 0
  Payloads Tested: 0
=
  Session Ended  : 2026-10-06 16:48:13
  Duration       : 00h 17m 21s
  Findings       : 0
  Payloads Tested: 0
=
  Session Ended  : 2026-10-06 16:48:13
  Duration       : 00h 17m 21s
  Findings       : 0
  Payloads Tested: 0
=
  Session Ended  : 2026-10-06 16:48:13
  Duration       : 00h 17m 21s
  Findings       : 0
  Payloads Tested: 0
=
  Session Ended  : 2026-10-06 16:48:13
  Duration       : 00h 17m 21s
  Findings       : 0
  Payloads Tested: 0
=
  Session Ended  : 2026-10-06 16:48:13
  Duration       : 00h 17m 21s
  Findings       : 0
  Payloads Tested: 0
=
  Session Ended  : 2026-10-06 16:48:13
  Duration       : 00h 17m 21s
  Findings       : 0
  Payloads Tested: 0
=
  Session Ended  : 2026-10-06 16:48:13
  Duration       : 00h 17m 21s
  Findings       : 0
  Payloads Tested: 0
=
  Session Ended  : 2026-10-06 16:48:13
  Duration       : 00h 17m 21s
  Findings       : 0
  Payloads Tested: 0
=
  Session Ended  : 2026-10-06 16:48:13
  Duration       : 00h 17m 21s
  Findings       : 0
  Payloads Tested: 0
=
  Session Ended  : 2026-10-06 16:48:13
  Duration       : 00h 17m 21s
  Findings       : 0
  Payloads Tested: 0
=
  Session Ended  : 2026-10-06 16:48:13
  Duration       : 00h 17m 21s
  Findings       : 0
  Payloads Tested: 0
=
  Session Ended  : 2026-10-06 16:48:13
  Duration       : 00h 17m 21s
  Findings       : 0
  Payloads Tested: 0
=
  Session Ended  : 2026-10-06 16:48:13
  Duration       : 00h 17m 21s
  Findings       : 0
  Payloads Tested: 0
=
  Session Ended  : 2026-10-06 16:48:13
  Duration       : 00h 17m 21s
  Findings       : 0
  Payloads Tested: 0
=
  Session Ended  : 2026-10-06 16:48:13
  Duration       : 00h 17m 21s
  Findings       : 0
  Payloads Tested: 0
=
  Session Ended  : 2026-10-06 16:48:13
  Duration       : 00h 17m 21s
  Findings       : 0
  Payloads Tested: 0
=
  Session Ended  : 2026-10-06 16:48:13
  Duration       : 00h 17m 21s
  Findings       : 0
  Payloads Tested: 0
=
  Session Ended  : 2026-10-06 16:48:13
  Duration       : 00h 17m 21s
  Findings       : 0
  Payloads Tested: 0
=
  Session Ended  : 2026-10-06 16:48:13
  Duration       : 00h 17m 21s
  Findings       : 0
  Payloads Tested: 0
=
  Session Ended  : 2026-10-06 16:48:13
  Duration       : 00h 17m 21s
  Findings       : 0
  Payloads Tested: 0
=
  Session Ended  : 2026-10-06 16:48:13
  Duration       : 00h 17m 21s
  Findings       : 0
  Payloads Tested: 0
=
  Session Ended  : 2026-10-06 16:48:13
  Duration       : 00h 17m 21s
  Findings       : 0
  Payloads Tested: 0
=
  Session Ended  : 2026-10-06 16:48:13
  Duration       : 00h 17m 21s
  Findings       : 0
  Payloads Tested: 0
=
  Session Ended  : 2026-10-06 16:48:13
  Duration       : 00h 17m 21s
  Findings       : 0
  Payloads Tested: 0
=
  Session Ended  : 2026-10-06 16:48:13
  Duration       : 00h 17m 21s
  Findings       : 0
  Payloads Tested: 0
=
  Session Ended  : 2026-10-06 16:48:13
  Duration       : 00h 17m 21s
  Findings       : 0
  Payloads Tested: 0
=
  Session Ended  : 2026-10-06 16:48:13
  Duration       : 00h 17m 21s
  Findings       : 0
  Payloads Tested: 0
=
  Session Ended  : 2026-10-06 16:48:13
  Duration       : 00h 17m 21s
  Findings       : 0
  Payloads Tested: 0
=
  Session Ended  : 2026-10-06 16:48:13
  Duration       : 00h 17m 21s
  Findings       : 0
  Payloads Tested: 0
=
  Session Ended  : 2026-10-06 16:48:13
  Duration       : 00h 17m 21s
  Findings       : 0
  Payloads Tested: 0
=
  Session Ended  : 2026-10-06 16:48:13
  Duration       : 00h 17m 21s
  Findings       : 0
  Payloads Tested: 0
=
  Session Ended  : 2026-10-06 16:48:13
  Duration       : 00h 17m 21s
  Findings       : 0
  Payloads Tested: 0
=
  Session Ended  : 2026-10-06 16:48:13
  Duration       : 00h 17m 21s
  Findings       : 0
  Payloads Tested: 0
=
  Session Ended  : 2026-10-06 16:48:13
  Duration       : 00h 17m 21s
  Findings       : 0
  Payloads Tested: 0
=
  Session Ended  : 2026-10-06 16:48:13
  Duration       : 00h 17m 21s
  Findings       : 0
  Payloads Tested: 0
=
  Session Ended  : 2026-10-06 16:48:13
  Duration       : 00h 17m 21s
  Findings       : 0
  Payloads Tested: 0
=
  Session Ended  : 2026-10-06 16:48:13
  Duration       : 00h 17m 21s
  Findings       : 0
  Payloads Tested: 0
=
  Session Ended  : 2026-10-06 16:48:13
  Duration       : 00h 17m 21s
  Findings       : 0
  Payloads Tested: 0
=
  Session Ended  : 2026-10-06 16:48:13
  Duration       : 00h 17m 21s
  Findings       : 0
  Payloads Tested: 0
=
  Session Ended  : 2026-10-06 16:48:13
  Duration       : 00h 17m 21s
  Findings       : 0
  Payloads Tested: 0
=
  Session Ended  : 2026-10-06 16:48:13
  Duration       : 00h 17m 21s
  Findings       : 0
  Payloads Tested: 0
=
  Session Ended  : 2026-10-06 16:48:13
  Duration       : 00h 17m 21s
  Findings       : 0
  Payloads Tested: 0
=
  Session Ended  : 2026-10-06 16:48:13
  Duration       : 00h 17m 21s
  Findings       : 0
  Payloads Tested: 0
=
  Session Ended  : 2026-10-06 16:48:13
  Duration       : 00h 17m 21s
  Findings       : 0
  Payloads Tested: 0
=
  Session Ended  : 2026-10-06 16:48:13
  Duration       : 00h 17m 21s
  Findings       : 0
  Payloads Tested: 0
=
  Session Ended  : 2026-10-06 16:48:13
  Duration       : 00h 17m 21s
  Findings       : 0
  Payloads Tested: 0
=
  Session Ended  : 2026-10-06 16:48:13
  Duration       : 00h 17m 21s
  Findings       : 0
  Payloads Tested: 0
=
  Session Ended  : 2026-10-06 16:48:13
  Duration       : 00h 17m 21s
  Findings       : 0
  Payloads Tested: 0
=
  Session Ended  : 2026-10-06 16:48:13
  Duration       : 00h 17m 21s
  Findings       : 0
  Payloads Tested: 0
=
  Session Ended  : 2026-10-06 16:48:13
  Duration       : 00h 17m 21s
  Findings       : 0
  Payloads Tested: 0
=
  Session Ended  : 2026-10-06 16:48:13
  Duration       : 00h 17m 21s
  Findings       : 0
  Payloads Tested: 0
=
  Session Ended  : 2026-10-06 16:48:13
  Duration       : 00h 17m 21s
  Findings       : 0
  Payloads Tested: 0
=
  Session Ended  : 2026-10-06 16:48:13
  Duration       : 00h 17m 21s
  Findings       : 0
  Payloads Tested: 0
=
  Session Ended  : 2026-10-06 16:48:13
  Duration       : 00h 17m 21s
  Findings       : 0
  Payloads Tested: 0
=
  Session Ended  : 2026-10-06 16:48:13
  Duration       : 00h 17m 21s
  Findings       : 0
  Payloads Tested: 0
=
  Session Ended  : 2026-10-06 16:48:13
  Duration       : 00h 17m 21s
  Findings       : 0
  Payloads Tested: 0
=
  Session Ended  : 2026-10-06 16:48:13
  Duration       : 00h 17m 21s
  Findings       : 0
  Payloads Tested: 0
=
  Session Ended  : 2026-10-06 16:48:13
  Duration       : 00h 17m 21s
  Findings       : 0
  Payloads Tested: 0
=
  Session Ended  : 2026-10-06 16:48:13
  Duration       : 00h 17m 21s
  Findings       : 0
  Payloads Tested: 0
=
  Session Ended  : 2026-10-06 16:48:13
  Duration       : 00h 17m 21s
  Findings       : 0
  Payloads Tested: 0
=
  Session Ended  : 2026-10-06 16:48:13
  Duration       : 00h 17m 21s
  Findings       : 0
  Payloads Tested: 0
=
  Session Ended  : 2026-10-06 16:48:13
  Duration       : 00h 17m 21s
  Findings       : 0
  Payloads Tested: 0
=
  Session Ended  : 2026-10-06 16:48:13
  Duration       : 00h 17m 21s
  Findings       : 0
  Payloads Tested: 0
=
  Session Ended  : 2026-10-06 16:48:13
  Duration       : 00h 17m 21s
  Findings       : 0
  Payloads Tested: 0
=
  Session Ended  : 2026-10-06 16:48:13
  Duration       : 00h 17m 21s
  Findings       : 0
  Payloads Tested: 0
=
  Session Ended  : 2026-10-06 16:48:13
  Duration       : 00h 17m 21s
  Findings       : 0
  Payloads Tested: 0
=
  Session Ended  : 2026-10-06 16:48:13
  Duration       : 00h 17m 21s
  Findings       : 0
  Payloads Tested: 0
=
