#{"t_start": 1758347835.1718643, "env_id": "None"}
r,l,t
-110.0,3,4.303648
-110.0,3,4.353207
66.0,6,4.468518
-420.0,11,4.658035
-10.0,1,4.676709
79.0,4,4.752938
-585.0,14,4.983838
-160.0,4,5.052187
-328.0,13,5.277706
-10.0,1,5.295471
-160.0,4,5.363441
-60.0,2,5.39606
-110.0,3,5.449739
46.0,4,5.526691
-360.0,8,5.661985
115.0,9,5.825977
-9.8,1,5.846778
-655.72,19,6.171834
30.2,2,6.209907
-209.8,5,6.293425
-9.8,1,6.311547
-9.8,1,6.329605
-9.8,1,6.350622
-154.78,6,6.455236
-109.8,3,6.504953
-409.8,9,6.647939
154.4,11,6.84998
-70.74,9,7.0133
-109.8,3,7.061417
-254.78,8,7.194483
-59.8,2,7.228511
162.52,13,7.453357
249.412903,9,7.622679
-107.293548,3,7.672638
-207.293548,5,7.755999
-257.293548,6,7.881435
2.412903,12,8.093855
-57.293548,2,8.133294
-207.293548,5,8.223634
-7.293548,1,8.242208
-7.293548,1,8.260069
-207.293548,5,8.341976
-457.293548,10,8.500296
47.977097,2,8.539975
-86.481613,7,8.66186
-712.917419,17,8.962225
-7.293548,1,8.979992
-57.293548,2,9.012634
288.119355,17,9.325582
-797.250909,19,9.641626
192.745455,9,9.806396
-105.627273,3,9.85477
-55.627273,2,9.891316
-355.627273,8,10.019233
-314.003636,15,10.276327
-255.627273,6,10.376447
113.870909,9,10.539685
67.433636,11,10.736257
-449.315455,17,11.02744
35.559091,7,11.150776
-305.627273,7,11.263711
-165.627273,6,11.369762
-327.627273,17,11.664422
351.745455,14,11.91892
-105.427273,3,11.971974
-165.427273,6,12.077468
298.145455,12,12.303827
-55.427273,2,12.33803
-55.427273,2,12.375192
-105.427273,3,12.424613
-67.598182,7,12.54557
-5.427273,1,12.562919
-5.427273,1,12.583589
-103.598182,8,12.722368
-15.427273,3,12.776067
156.944545,4,12.854628
-570.427273,12,13.054716
-155.427273,4,13.122385
-355.427273,8,13.257221
-355.427273,8,13.397407
-205.427273,5,13.485091
339.401818,4,13.566142
-149.75,6,13.672759
145.590909,12,13.88893
-105.227273,3,13.946339
-55.227273,2,13.982696
-149.75,6,14.091961
-55.227273,2,14.131254
-365.227273,10,14.313194
-205.227273,5,14.406864
-155.227273,4,14.483554
-564.75,14,14.730111
0.25,3,14.787341
-55.227273,2,14.822414
-55.227273,2,14.867069
-255.227273,6,14.973933
-305.227273,7,15.099695
-5.227273,1,15.117611
127.159091,7,15.265405
-5.227273,1,15.286328
52.545455,17,15.651327
-305.227273,7,15.783477
-159.272727,8,15.937283
-255.227273,6,16.056776
47.681818,5,16.157543
-305.227273,7,16.284469
-236.795455,11,16.504642
-63.840909,10,16.703258
-255.227273,6,16.82649
-99.75,5,16.928795
-205.227273,5,17.015485
-8.363636,14,17.288413
-316.032727,11,17.504512
-55.027273,2,17.542053
-461.016364,17,17.871291
-5.027273,1,17.893436
-55.027273,2,17.934735
268.934545,8,18.09803
117.682353,16,18.399099
99.850588,14,18.685313
627.342857,9,18.864067
-3.128571,1,18.882686
-3.128571,1,18.906678
-53.128571,2,18.945763
-103.128571,3,19.003949
228.055714,13,19.249599
415.055714,13,19.514832
187.9,7,19.655113
41.18,6,19.773959
-102.728571,3,19.823957
-52.728571,2,19.863478
15.452857,5,19.967173
-252.728571,6,20.079426
-2.728571,1,20.096915
-152.728571,4,20.167019
565.36,16,20.470639
-163.288649,16,20.776603
-50.130769,2,20.812837
55.856154,2,20.85423
-200.130769,5,20.941826
-960.130769,19,21.285786
-2.183077,11,21.496654
0.069231,1,21.516963
-49.930769,2,21.55252
0.069231,1,21.572577
475.173077,8,21.736013
0.75,1,21.754739
-49.25,2,21.789736
395.5,12,22.034675
121.75,16,22.342408
-259.25,8,22.503092
0.75,1,22.525767
-343.175,10,22.705687
0.75,1,22.725976
-37.025,13,22.979432
48.805,20,23.3535
-4.67,11,23.557357
7.265,3,23.622525
-48.85,2,23.657578
-98.85,3,23.71403
-729.77,17,24.040709
-647.505,17,24.354948
-16.7,21,24.764272
-148.85,4,24.835691
-198.85,5,24.92525
-142.735,6,25.034446
211.495,8,25.191683
-513.65,11,25.384529
-198.65,5,25.474159
57.485,2,25.513192
-198.65,5,25.603998
-96.11,8,25.758139
-148.65,4,25.824476
-2.11,6,25.938244
354.295,15,26.227993
-209.84,17,26.537788
2.007317,1,26.556853
-47.992683,2,26.595974
2.007317,1,26.617307
146.412439,19,26.974494
977.014634,8,27.139298
-47.792683,2,27.174575
-291.571951,9,27.343986
-197.792683,5,27.432134
-147.909756,9,27.59357
130.986585,17,27.90813
-147.792683,4,27.982413
49.765854,16,28.279635
2.207317,1,28.297431
697.973171,8,28.461646
108.531707,9,28.633975
-397.792683,9,28.799578
-247.792683,6,28.904957
-247.792683,6,29.010877
-347.792683,8,29.156045
2.207317,1,29.174037
-41.571951,4,29.256503
-47.792683,2,29.295316
74.090244,6,29.418506
-903.779268,19,29.757922
-147.792683,4,29.869399
-47.792683,2,29.904481
-191.571951,7,30.035047
-347.792683,8,30.178987
-612.792683,13,30.422598
726.973171,7,30.562655
641.414634,14,30.832224
97.64878,3,30.89493
-456.571951,12,31.109485
-141.571951,6,31.222637
2.207317,1,31.245033
-147.792683,4,31.323736
-512.792683,11,31.52079
160.090244,4,31.605877
-297.792683,7,31.728297
2.207317,1,31.756899
2.207317,1,31.777792
-506.571951,13,32.015051
-91.571951,5,32.108428
403.973171,14,32.371794
687.531707,15,32.656419
-47.592683,2,32.691907
-47.592683,2,32.731312
-288.870488,11,32.936822
-47.592683,2,32.973063
-47.592683,2,33.011897
511.092439,18,33.357214
-190.652857,7,33.48185
-246.74,11,33.677426
244.042857,20,34.055839
-96.957143,3,34.111919
-457.174286,16,34.418221
-455.652857,12,34.633062
-140.652857,6,34.740511
-190.652857,7,34.873796
-663.087143,16,35.157141
-146.957143,4,35.231792
-396.957143,9,35.390921
-140.652857,6,35.501015
3.042857,1,35.524325
-396.957143,9,35.67845
933.085714,14,35.953364
-455.432857,12,36.167125
-96.757143,3,36.221073
-46.757143,2,36.261902
-246.757143,6,36.374532
3.242857,1,36.393299
3.242857,1,36.413654
-297.46,12,36.632864
389.161429,19,36.99525
1215.837143,4,37.088428
-196.557143,5,37.180266
-196.557143,5,37.268775
-346.557143,8,37.4131
-340.212857,10,37.587087
263.164286,5,37.693699
-146.557143,4,37.76276
3.442857,1,37.782681
-96.557143,3,37.84059
-146.557143,4,37.921647
-112.524286,14,38.183824
3.642857,1,38.202729
-46.357143,2,38.243371
3.642857,1,38.262613
-656.814286,18,38.586465
10.007143,3,38.643875
10.007143,3,38.70232
-255.9,11,38.905923
-46.357143,2,38.947521
3.642857,1,38.966502
21.735714,5,39.06568
410.471429,10,39.265973
-95.74186,3,39.317838
-95.74186,3,39.374388
4.25814,1,39.3947
-39.316047,4,39.482361
-231.464419,10,39.666025
1193.516279,8,39.825157
-45.54186,2,39.860582
-295.54186,7,39.991935
-45.54186,2,40.027841
900.482791,16,40.340384
-94.566667,3,40.398141
-44.566667,2,40.433614
-44.566667,2,40.474709
-44.566667,2,40.513977
5.433333,1,40.534023
87.15,11,40.743216
741.266667,15,41.029911
-94.366667,3,41.080624
-344.366667,8,41.220011
-394.366667,9,41.373104
12.196667,3,41.436344
-559.366667,12,41.64594
-29.113333,7,41.775705
-194.366667,5,41.862727
5.633333,1,41.882814
73.013333,10,42.077568
5.633333,1,42.0955
843.703333,12,45.956645
-54.366667,4,46.066521
944.013333,14,46.335089
571.833333,17,46.662252
-94.166667,3,46.718748
-94.166667,3,46.768998
-509.166667,11,46.962218
403.0,4,47.047307
-508.966667,11,47.244501
333.033333,23,47.697459
399.223333,16,48.000931
873.463333,15,48.291842
-53.966667,4,48.367784
76.843333,4,48.444868
1198.066667,10,48.643829
46.033333,2,48.69344
-21.156667,6,48.814317
-79.156667,7,48.952951
-508.966667,11,49.158198
-43.966667,2,49.199891
817.86,15,49.515616
-233.76,12,49.746532
-43.966667,2,49.783458
12.636667,3,49.843994
998.256667,9,50.015962
-143.966667,4,50.091358
-43.966667,2,50.130254
-143.966667,4,50.208176
33.876667,16,50.527249
936.496596,11,50.733191
-193.057447,5,50.831809
6.942553,1,50.851394
6.942553,1,50.872978
6.942553,1,50.893426
6.942553,1,50.913458
-15.974681,6,51.037897
-243.057447,6,51.152768
6.942553,1,51.178772
116.719574,4,51.266279
-336.363191,10,51.458122
-43.057447,2,51.495965
128.025319,3,51.555699
-43.057447,2,51.594586
-43.057447,2,51.632235
-293.057447,7,51.772085
-43.057447,2,51.813628
1320.885106,9,51.98686
-803.057447,16,52.274998
13.636809,3,52.333704
26.025319,5,52.432685
-43.057447,2,52.472078
6.942553,1,52.503187
-186.363191,7,52.633997
-136.363191,6,52.746169
-136.363191,6,52.869085
-43.057447,2,52.906116
-768.528723,21,53.308539
-193.057447,5,53.412139
-484.974681,15,53.693572
-43.057447,2,53.729989
-193.057447,5,53.825303
-292.974681,11,54.032107
63.636809,2,54.076938
-343.057447,8,54.220976
-43.057447,2,54.25617
1423.885106,5,54.364487
-43.057447,2,54.40395
175.108085,6,54.524387
6.942553,1,54.544114
568.942553,22,54.966508
930.885106,17,55.296324
46.942553,2,55.338168
1323.190851,11,55.556594
13.856809,3,55.614944
1222.14234,8,55.775403
1321.14234,6,55.895463
7.142553,1,55.915272
-707.857447,15,56.191646
1269.428085,9,56.374057
7.142553,1,56.395412
-192.857447,5,56.489636
-42.857447,2,56.524968
7.142553,1,56.543974
-92.857447,3,56.602886
945.14234,13,56.84439
-192.857447,5,56.937767
1680.570851,8,57.10453
130.279574,4,57.184759
1338.216596,12,57.424278
7.542553,1,57.443754
299.559574,5,57.548306
-192.257447,5,57.684751
-42.257447,2,57.723787
915.388085,14,58.002739
-185.483191,7,58.133484
-92.257447,3,58.183579
-92.257447,3,58.238492
856.742553,17,58.561342
-135.483191,6,58.672583
-42.257447,2,58.712039
-142.257447,4,58.791054
103.388085,6,58.953891
7.742553,1,58.97363
-462.354468,16,59.297951
1504.388085,6,59.436034
-92.257447,3,59.492786
133.065319,3,59.552079
7.742553,1,59.575433
-42.257447,2,59.611822
950.742553,17,59.939997
-42.257447,2,59.97695
7.742553,1,59.999018
1371.485106,12,60.230242
1442.485106,9,60.40645
-85.483191,5,60.496264
-5.934681,8,60.656852
-52.257447,4,60.733569
-42.257447,2,60.770541
-92.257447,3,60.826023
33.065319,5,60.930039
-42.257447,2,60.973413
-42.257447,2,61.010733
7.742553,1,61.034417
-42.257447,2,61.07124
770.419787,18,61.399673
333.065319,4,61.490611
157.708085,5,61.593172
1369.296596,10,61.795136
-20.674681,6,61.906927
-226.674681,10,62.097107
-92.057447,3,62.15436
1267.885106,18,62.531829
1839.425,15,62.885033
-236.408571,11,63.163712
265.591429,6,63.285445
-440.806122,10,63.461522
-140.806122,4,63.534634
-90.806122,3,63.586406
507.904082,9,63.76805
107.58,9,63.931402
-63.13,9,64.100561
9.9,1,64.120654
9.9,1,64.143757
9.9,1,64.162883
9.9,1,64.182173
-83.11,5,64.287745
1292.8,17,64.612344
1382.83,10,64.802248
-555.1,12,65.014396
1353.83,13,65.286711
-240.1,6,65.404056
-90.1,3,65.474183
-240.1,6,65.598626
-90.1,3,65.652833
-440.1,10,65.853806
-0.1,3,65.922975
9.9,1,65.944674
-33.11,4,66.022449
-50.1,4,66.114254
1672.8,10,66.327625
1487.82,9,66.505908
1686.81,13,66.774289
-182.89,7,66.912588
1396.19,13,67.205766
1912.19,7,67.363728
-39.7,2,67.405857
10.3,1,67.426105
1084.21,16,67.819561
-289.7,7,67.952709
984.48,18,68.323889
237.39,8,68.47874
-89.5,3,68.532458
-289.5,7,68.663241
50.5,2,68.705407
1506.85,10,68.887443
-89.5,3,68.94167
255.7,6,69.053805
-240.16,12,69.277169
830.4,26,69.784944
10.7,1,69.802941
41.12,9,70.001603
1711.19,11,70.214058
-89.1,3,70.268954
10.9,1,70.287092
1733.8,15,70.679398
-446.79,12,70.905382
11.1,1,70.924972
-138.9,4,70.995595
-289.57,11,71.189731
-290.68,11,71.433947
11.1,1,71.482665
148.65,5,71.631946
-530.56,15,71.887112
1844.2,11,72.08995
-88.7,3,72.140965
-238.7,6,72.237238
1251.3,19,72.564945
14.95,10,72.748243
-86.31,9,72.909144
254.08,9,73.077341
73.1,5,73.166955
-281.35,9,73.340443
1557.0,15,73.620196
1908.85,13,73.85076
-138.5,4,73.917531
-288.5,7,74.029308
11.5,1,74.046262
-38.5,2,74.079378
11.5,1,74.099895
1396.7,20,74.435447
2.25,8,74.575362
11.5,1,74.592632
-188.5,5,74.674515
68.65,2,74.711153
-38.5,2,74.746011
-88.5,3,74.793673
-38.5,2,74.829018
18.65,3,74.880625
-31.35,4,74.953101
11.5,1,74.97109
-136.6,13,75.238376
-81.35,5,75.32091
1717.55,13,75.56107
-38.5,2,75.605787
1908.85,13,75.877073
-38.5,2,75.91541
68.65,2,75.952538
216.1,8,76.107441
11.5,1,76.125194
64.45,17,76.442637
-238.5,6,76.540709
79.25,14,76.800156
1796.85,13,77.068385
-88.5,3,77.12041
-38.5,2,77.165286
68.65,2,77.207599
-138.5,4,77.284933
-188.5,5,77.370913
1408.0,21,77.756953
1697.7,14,78.024877
-188.5,5,78.107137
2012.0,8,78.26403
-151.75,12,78.520179
-238.5,6,78.620463
1846.0,15,78.921686
-38.5,2,78.960141
11.5,1,78.980424
1570.35,15,79.250163
-88.5,3,79.30273
-38.5,2,79.339246
-188.5,5,79.426321
-138.5,4,79.509304
1953.0,13,79.7758
-38.5,2,79.811869
-38.5,2,79.850333
1460.0,25,80.35408
-68.6,10,80.533849
11.5,1,80.551201
-38.5,2,80.584416
1660.5,15,80.852316
1212.85,26,81.328035
1546.5,15,81.593477
11.5,1,81.611279
-38.5,2,81.645058
11.5,1,81.665337
11.5,1,81.682893
-338.5,8,81.818427
-338.5,8,81.96496
11.5,1,81.99677
-38.5,2,82.065149
92.95,9,82.225043
11.5,1,82.242215
11.5,1,82.260941
-438.5,10,82.461498
-188.5,5,82.551836
161.95,3,82.612489
24.1,6,82.725762
51.5,2,82.764869
-81.35,5,82.865249
-88.5,3,82.923687
-38.5,2,82.957165
-88.5,3,83.006346
11.5,1,83.027201
1852.0,17,83.360309
-88.5,3,83.411959
-38.5,2,83.451261
-131.35,6,83.561834
-188.5,5,83.655474
-38.5,2,83.691613
-404.2,13,83.921478
82.1,5,84.01858
-231.35,8,84.158028
-38.5,2,84.191843
-331.35,10,84.372638
-38.5,2,84.409513
-38.5,2,84.444676
35.95,5,84.537164
2200.85,13,84.795245
-181.35,7,84.919142
11.5,1,84.936844
2251.55,9,85.106999
2114.7,11,85.440492
444.25,6,85.554596
-81.35,5,85.639842
-188.5,5,85.720558
1.5,3,85.771675
-331.35,10,88.748825
-22.05,6,88.86286
-768.55,18,89.168091
-503.5,11,89.38544
-238.5,6,89.488082
11.5,1,89.506524
2147.85,16,89.827824
-238.5,6,89.941472
-88.5,3,89.998382
-138.5,4,90.068501
2328.85,12,90.32549
11.5,1,90.344925
2229.55,6,90.46074
2181.0,16,90.780468
-88.5,3,90.844923
2297.0,8,91.015736
-38.5,2,91.050789
-38.5,2,91.085057
-138.5,4,91.155642
2087.0,15,91.459645
2097.0,15,91.744465
2162.0,17,92.075314
2152.0,13,92.348579
-98.5,5,92.436924
2421.7,10,92.627249
-188.5,5,92.724736
-38.5,2,92.767666
1974.5,16,93.08214
11.5,1,93.105318
2362.7,6,93.223908
324.1,6,93.336069
-138.5,4,93.404511
11.5,1,93.422272
-288.5,7,93.545004
11.5,1,93.56498
2090.7,14,93.832281
-38.5,2,93.866918
-82.75,10,94.044495
1723.05,15,94.300061
11.5,1,94.321912
-238.5,6,94.425367
-38.5,2,94.459592
-338.5,8,94.590962
2259.0,17,94.911101
-265.6,13,95.154905
11.5,1,95.18368
-188.5,5,95.273021
-138.5,4,95.352442
2399.35,19,95.733762
-88.5,3,95.792598
-38.5,2,95.831918
-67.9,8,95.994475
-38.5,2,96.031282
1935.5,16,96.356329
2252.55,12,96.593454
-188.5,5,96.701059
277.8,7,96.854507
100.4,13,97.212976
2139.0,21,97.630702
47.4,12,97.85723
206.45,12,98.08174
11.5,1,98.101667
11.5,1,98.121891
-478.4,15,98.421552
1.5,3,98.48616
-41.05,10,98.686037
-88.5,3,98.741696
-38.5,2,98.784136
-338.5,8,98.922486
2733.0,10,99.135717
-88.5,3,99.192472
2892.0,5,99.307812
-38.5,2,99.344234
11.5,1,99.36203
2064.5,15,99.666334
2822.5,15,99.975266
11.5,1,99.999961
-238.5,6,100.130027
-791.35,18,100.518228
-75.9,8,100.715574
-298.5,9,100.904943
-38.5,2,100.943051
350.95,6,101.088278
11.5,1,101.110674
-238.5,6,101.23983
11.5,1,101.261747
-88.5,3,101.326355
2337.0,13,101.587448
2494.4,7,101.724284
2831.2,11,101.954297
369.1,4,102.039869
11.5,1,102.062638
-138.5,4,102.154723
-231.35,8,102.357278
-535.7,15,102.714448
-238.5,6,102.863861
11.5,1,102.884565
-281.35,9,103.070318
2728.0,6,103.202924
-131.35,6,103.367949
-38.5,2,103.405475
51.5,2,103.442635
-88.5,3,103.504158
-88.5,3,103.564143
40.25,7,103.710765
2145.55,17,104.034377
11.5,1,104.052243
-138.5,4,104.134809
-88.5,3,104.18994
11.5,1,104.209669
2572.0,11,104.463238
-526.9,16,104.783844
2611.0,12,105.042686
-38.5,2,105.083506
1.5,3,105.152529
2475.55,10,105.353042
2158.5,17,105.713692
-38.5,2,105.753205
2627.55,7,105.886703
-188.5,5,105.976253
2665.0,14,106.275623
-38.5,2,106.31236
11.5,1,106.332061
-231.35,8,106.483972
2985.5,13,106.796363
-88.5,3,106.852837
-38.5,2,106.895206
2669.55,7,107.037
-88.5,3,107.097831
-95.9,11,107.315871
2808.0,12,107.562033
-503.5,11,107.765369
-188.5,5,107.873912
-131.35,6,107.991269
-88.5,3,108.04714
11.5,1,108.065614
-438.5,10,108.252544
-138.5,4,108.334989
-438.5,10,108.531183
-238.5,6,108.655849
-188.5,5,108.760431
35.25,7,108.902163
-298.5,9,109.071656
11.5,1,109.102872
-231.35,8,109.262696
2972.55,6,109.412049
2464.5,15,109.730981
2832.4,12,109.982196
-733.5,15,110.267221
-38.5,2,110.306406
-406.2,13,110.560151
-288.5,7,110.690107
-150.05,9,110.858618
-38.5,2,110.892449
-288.5,7,111.021549
2815.55,6,111.14745
72.1,6,111.275288
18.65,3,111.33211
269.1,6,111.463027
-20.05,6,111.58523
2580.85,13,111.976586
32.4,10,112.172864
-138.5,4,112.24203
-41.6,9,112.421447
2364.5,17,112.760926
-81.35,5,112.861982
2416.7,15,113.151272
8.4,8,113.323042
2446.5,15,113.608634
11.5,1,113.635047
3008.7,10,113.848296
2413.05,16,114.18736
3020.0,9,114.4437
11.5,1,114.466401
18.65,3,114.534344
3140.0,10,114.744676
-188.5,5,114.83457
2641.4,14,115.12162
-58.05,7,115.261505
187.25,11,115.476615
-38.5,2,115.514818
-338.5,8,115.655315
-238.5,6,115.766196
-81.35,5,115.861018
-188.5,5,115.952632
-38.5,2,115.989161
18.65,3,116.051043
-388.5,9,116.210247
11.5,1,116.233867
2632.5,15,116.541873
-432.1,15,116.920398
18.65,3,116.994124
-131.35,6,117.115905
-138.5,4,117.194626
-138.5,4,117.276774
11.5,1,117.324841
2747.0,18,117.747314
-162.2,16,118.070315
2825.55,16,118.399821
51.5,2,118.441509
-231.35,8,118.585901
2623.5,15,118.869072
2866.4,9,119.042407
317.4,8,119.201452
18.65,3,119.261104
2978.4,7,119.396437
-553.5,12,119.62523
2764.55,17,119.936898
2635.85,16,120.227549
-338.5,8,120.361151
11.5,1,120.379376
2717.5,16,120.673225
68.65,2,120.714876
2786.85,20,121.075575
11.5,1,121.093873
-395.1,16,121.380682
-720.0,15,121.637115
3249.0,10,121.821988
-88.5,3,121.87514
2850.0,15,122.148404
-338.5,8,122.282823
2780.0,20,122.635192
11.5,1,122.653351
11.5,1,122.674555
-38.5,2,122.70907
18.65,3,122.762226
3115.85,16,123.059386
11.5,1,123.077319
-88.5,3,123.132364
2960.0,20,123.506607
3236.0,10,123.701443
11.5,1,123.723428
68.65,2,123.76136
-38.5,2,123.796106
3141.55,7,123.930536
-138.5,4,123.998264
11.5,1,124.018071
126.4,12,124.242483
-138.5,4,124.308785
-88.5,3,124.364581
221.9,14,124.620398
-31.35,4,124.695659
148.95,8,124.84439
-181.35,7,124.97341
2611.5,17,125.278752
3123.0,17,125.616201
18.65,3,125.671695
11.5,1,125.694122
-240.9,11,125.901842
2839.5,15,126.206949
216.95,7,126.343146
11.5,1,126.361937
3322.7,6,126.481664
-338.5,8,126.639177
18.65,3,126.701331
-611.55,15,126.986497
64.4,7,127.144979
-852.85,18,127.480621
2800.5,29,128.076249
3123.4,15,128.430984
11.5,1,128.458233
-231.35,8,128.654011
-88.5,3,128.713532
-38.5,2,128.769414
126.1,4,128.852247
-38.5,2,128.889772
3186.0,16,129.223185
3642.0,7,129.37261
2957.0,18,132.717601
-138.5,4,132.802925
11.5,1,132.825844
369.25,5,132.92702
382.95,5,133.033591
3042.7,17,133.347965
2945.0,17,133.665455
-38.5,2,133.700534
3250.0,14,133.971901
-188.5,5,134.060916
3607.5,15,134.347127
399.1,3,134.412152
-181.2,9,134.572609
-88.5,3,134.629824
-88.5,3,134.685901
11.5,1,134.708827
-38.5,2,134.745254
-38.5,2,134.78278
2960.5,16,135.117763
134.1,9,135.296948
-533.7,15,135.64927
11.5,1,135.675341
3225.0,16,135.99217
-280.6,14,136.23028
64.6,14,136.476691
11.5,1,136.495187
-48.5,4,136.566633
286.25,7,136.728779
-288.5,7,136.842431
68.65,2,136.882996
-81.35,5,136.967022
11.5,1,136.988988
-338.5,8,137.119954
-188.5,5,137.202093
-188.5,5,137.282569
-38.5,2,137.320148
-38.5,2,137.354214
-31.35,4,137.42491
-95.75,16,137.705351
281.95,5,137.795575
-138.5,4,137.863792
11.5,1,137.881486
-38.5,2,137.918708
68.65,2,137.956564
-138.5,4,138.024579
-38.5,2,138.057984
-798.5,16,138.318908
141.75,13,138.552526
-231.35,8,138.685112
-88.5,3,138.734113
-288.5,7,138.849231
11.5,1,138.867454
-338.5,8,138.998785
-88.5,3,139.056215
-88.5,3,139.105234
2459.35,30,139.625387
11.5,1,139.643246
2295.0,34,140.23791
3631.0,15,140.531484
3450.85,17,140.854913
3784.5,16,141.172625
-238.5,6,141.292678
11.5,1,141.31163
3142.5,18,141.675839
11.5,1,141.694024
-438.5,10,141.882288
3614.0,13,142.143365
3578.0,17,142.515504
-88.5,3,142.571912
-38.5,2,142.622505
-238.5,6,142.753008
-38.5,2,142.795357
3726.5,18,143.175066
265.1,7,143.316239
-608.55,15,143.614638
-38.5,2,143.654221
-31.35,4,143.742571
210.1,7,143.890648
11.5,1,143.91075
-331.35,10,144.109539
3740.85,9,144.291811
-288.5,7,144.420296
-596.4,15,144.725446
72.4,9,144.899009
11.5,1,144.918637
-88.5,3,144.973649
-38.5,2,145.008558
-138.5,4,145.088395
-190.9,10,145.283709
-304.2,11,145.478594
-38.5,2,145.523929
-187.9,10,145.713071
11.5,1,145.731988
-87.75,10,145.920729
-166.05,9,146.094531
-98.5,5,146.191448
-31.05,7,146.325429
163.1,8,146.481486
-85.2,7,146.619356
-38.5,2,146.657662
3372.35,15,146.947124
3751.0,15,147.259791
-38.5,2,147.297219
11.5,1,147.316097
-38.5,2,147.355066
11.5,1,147.373648
-288.5,7,147.496716
18.65,3,147.553459
3595.7,13,147.821098
11.5,1,147.840735
-188.5,5,147.930546
-38.5,2,147.969244
18.65,3,148.031348
-98.5,5,148.125803
-298.5,9,148.304911
3765.85,13,148.554888
397.45,6,148.672871
-38.5,2,148.715972
3978.5,16,149.034163
3490.5,16,149.349989
3597.4,13,149.593589
-144.6,11,149.812342
3605.0,14,150.079608
2901.85,31,150.657606
11.5,1,150.679724
-138.5,4,150.756513
1.5,3,150.819347
70.1,5,150.952385
11.5,1,150.972416
-38.5,2,151.013548
314.1,7,151.155285
3842.0,16,151.475534
-31.35,4,151.552309
-691.35,16,151.854606
-38.5,2,151.890985
-38.5,2,151.929866
-224.9,15,152.217946
11.5,1,152.23949
322.1,5,152.348986
-38.5,2,152.386468
-138.5,4,152.460486
11.5,1,152.480192
-331.35,10,152.662473
-38.5,2,152.698912
11.5,1,152.721875
11.5,1,152.743533
3747.55,15,153.043011
18.65,3,153.102507
102.1,9,153.277127
11.5,1,153.296276
4003.0,13,153.565682
-355.6,15,153.853559
-145.05,10,154.04178
4134.0,13,154.307401
-38.5,2,154.351888
68.65,2,154.39226
3777.4,13,154.631368
-238.5,6,154.74246
196.4,9,154.923856
11.5,1,154.944654
-75.6,12,155.169174
4160.0,9,155.346726
4336.0,9,155.524339
11.5,1,155.542082
-38.5,2,155.581887
-138.5,4,155.652546
-603.5,13,155.892723
-88.5,3,155.947208
-38.5,2,155.984972
-38.5,2,156.021528
4086.55,14,156.294703
-88.5,3,156.352139
11.5,1,156.37263
11.5,1,156.395516
-38.5,2,156.431281
11.5,1,156.450279
217.4,11,156.663991
3753.5,15,156.969813
198.25,11,157.182424
11.5,1,157.201514
3725.5,17,157.530792
23.1,7,157.66469
4298.85,9,157.852247
11.5,1,157.873353
-88.5,3,157.926778
-446.35,12,158.135072
3744.0,19,158.494914
3992.0,15,158.779995
11.5,1,158.801319
-5.9,7,158.941586
71.4,13,159.195534
4005.0,15,159.504221
11.5,1,159.522734
3924.0,18,159.869681
11.5,1,159.892081
3968.55,13,160.140448
-88.5,3,160.192759
-338.5,8,160.335087
4219.85,9,160.521242
-188.5,5,160.611246
-188.5,5,160.699255
3112.0,34,161.328384
68.65,2,161.370216
4375.0,12,161.623743
-238.5,6,161.730046
3847.5,16,162.045658
3739.5,17,162.365774
-81.35,5,162.463431
-188.5,5,162.55303
386.4,5,162.654646
11.5,1,162.67352
-88.5,3,162.730412
3920.55,13,162.975504
-388.5,9,163.137079
-238.5,6,163.246812
-198.5,7,163.383633
4215.0,11,163.599505
-88.5,3,163.652158
-238.5,6,163.765043
18.65,3,163.822779
-288.5,7,163.9563
11.5,1,163.978004
-88.5,3,164.030165
-88.5,3,164.086497
4193.0,13,164.340142
-88.5,3,164.394807
112.1,4,164.474434
4653.5,10,164.708082
-208.05,10,164.890033
111.1,9,165.074343
11.5,1,165.092333
-38.5,2,165.131343
-75.9,14,165.393611
4057.7,12,165.621776
-88.5,3,165.680295
264.1,6,165.794976
-88.5,3,165.852678
-188.5,5,165.942258
3811.5,19,166.305965
4273.55,8,166.45992
3984.5,15,166.761229
4797.05,9,166.941658
-88.5,3,167.000455
-138.5,4,167.072011
-138.5,4,167.149027
454.4,4,167.242207
4379.85,14,167.515006
-188.5,5,167.602684
-88.5,3,167.661366
3787.5,17,167.977615
-188.5,5,168.073437
-238.5,6,168.18884
-514.55,15,168.465498
4017.5,15,168.757988
-188.5,5,168.855419
-38.5,2,168.894529
11.5,1,168.913179
58.95,10,169.112557
-88.5,3,169.166152
-288.5,7,169.29197
4370.5,18,169.63533
4471.55,6,169.750817
311.9,11,169.96197
4285.55,10,170.161486
11.5,1,170.181915
-88.5,3,170.242541
11.5,1,170.261411
4471.0,15,170.544686
-388.5,9,170.710854
-41.2,6,170.831487
11.5,1,170.851781
11.5,1,170.871178
11.5,1,170.891172
-38.5,2,170.925498
-446.35,12,171.144332
-746.4,18,171.466799
235.25,10,171.664131
11.5,1,171.695177
4581.7,12,171.923495
4656.85,10,175.142012
4056.55,15,175.429316
-275.05,11,175.63254
-337.1,15,175.928595
-38.5,2,175.965963
-41.2,6,176.083055
4514.85,12,176.327371
4326.55,11,176.55112
11.5,1,176.570355
-38.5,2,176.609568
-88.5,3,176.66966
4599.0,12,176.916622
68.65,2,176.960911
4021.5,16,177.278786
-174.75,11,177.491754
-238.5,6,177.607915
-288.5,7,177.742151
-438.5,10,177.927042
11.5,1,177.950938
11.5,1,177.970515
-88.5,3,178.030685
11.5,1,178.05005
15.95,6,178.171867
4837.0,11,178.408795
-138.5,4,178.480315
45.25,15,178.786958
11.5,1,178.81126
-138.5,4,178.883352
-88.5,3,178.940497
-138.5,4,179.011927
4109.5,17,179.351086
198.95,11,179.566525
4164.0,20,179.965366
160.1,8,180.123087
4424.0,16,180.442924
-38.5,2,180.484551
-188.5,5,180.572127
11.5,1,180.594794
402.1,3,180.657906
4226.85,20,181.051689
-38.5,2,181.090728
-288.5,7,181.221889
11.5,1,181.24157
4548.85,16,181.555326
4425.4,17,181.883776
4814.0,11,182.104121
4594.85,12,182.345243
-38.5,2,182.381734
-162.05,9,182.590654
11.5,1,182.610381
-38.5,2,182.647096
-475.1,16,182.964173
-138.5,4,183.039361
4343.35,15,183.33435
129.1,4,183.420166
30.1,6,183.541522
4157.05,17,183.863564
53.25,9,184.04015
-88.5,3,184.093437
11.5,1,184.115068
85.95,4,184.192857
4474.0,23,184.63802
11.5,1,184.659874
-288.5,7,184.782559
4900.85,12,185.024369
18.65,3,185.082329
4487.5,16,185.403661
4784.85,15,185.704618
4687.0,15,186.015465
363.4,6,186.13747
4461.5,15,186.42858
-138.5,4,186.507085
-338.5,8,186.651098
4333.5,20,187.046994
4608.5,26,187.559529
5067.0,10,187.761916
5074.0,12,188.002634
11.5,1,188.021929
11.5,1,188.041825
5244.0,9,188.22439
-81.35,5,188.319082
5019.0,16,188.644398
-88.5,3,188.701879
11.5,1,188.721748
-653.5,14,188.970213
4359.05,15,189.263585
21.1,6,189.380321
4605.0,17,189.726078
4961.55,7,189.866393
11.5,1,189.884968
11.5,1,189.904204
-188.5,5,189.992484
-31.35,4,190.075418
5187.0,11,190.29329
5112.7,5,190.391742
4566.0,19,190.761623
3921.0,34,191.422164
5064.0,9,191.605742
420.1,3,191.685134
5113.0,14,191.961615
4614.05,15,192.254933
68.65,2,192.293797
-626.35,15,192.572285
68.65,2,192.61041
4662.7,15,192.900709
11.5,1,192.920339
5287.0,8,193.083142
11.5,1,193.102116
11.5,1,193.120391
5119.0,14,193.402341
-38.5,2,193.43814
4534.5,18,193.781546
5599.5,9,193.968025
-38.5,2,194.007776
5187.7,6,194.130809
91.95,4,194.222541
5065.4,14,194.484536
-38.5,2,194.525554
-295.6,18,194.868513
-558.1,16,195.165991
-88.5,3,195.223669
-238.5,6,195.333056
87.95,4,195.411922
5273.35,16,195.731038
-231.35,8,195.880051
5490.0,7,196.024143
-338.5,8,196.170381
5072.0,18,196.526182
-81.35,5,196.620567
5350.0,7,196.767972
-88.5,3,196.824467
5441.05,14,197.101022
11.5,1,197.122375
-579.4,15,197.410996
5125.2,19,197.77222
5128.0,16,198.087847
132.6,13,198.344359
11.5,1,198.363492
-604.55,15,198.648929
-46.05,7,198.779965
4683.5,18,199.124841
-238.5,6,199.229303
-38.5,2,199.268192
4224.85,38,199.977503
11.5,1,200.002041
-88.5,3,200.058237
32.1,6,200.173026
5195.7,10,200.434226
5192.0,16,200.796323
-188.5,5,200.894786
-388.5,9,201.068779
11.5,1,201.089383
5022.4,20,201.491804
4762.0,28,202.095831
1.5,3,202.164346
4921.5,16,202.482509
301.95,5,202.581881
4986.5,15,202.881284
-209.6,12,203.091432
-38.5,2,203.128598
-88.5,3,203.178575
-38.5,2,203.215775
5638.55,8,203.368786
5063.0,21,203.750108
11.5,1,203.767962
-385.05,13,204.024549
5394.0,13,204.330328
-38.5,2,204.366722
5337.0,15,204.635052
5427.7,8,204.780052
309.6,8,204.920724
4875.5,19,205.247003
-198.5,7,205.365698
309.9,13,205.623493
-188.5,5,205.708082
5544.2,14,205.970544
-288.5,7,206.086728
11.5,1,206.105695
64.4,7,206.23841
-288.5,7,206.351495
-88.5,3,206.399795
77.4,8,206.549836
-88.5,3,206.598553
-188.5,5,206.681556
-31.35,4,206.752028
11.5,1,206.769373
-220.05,12,206.975375
284.1,6,207.081425
-38.5,2,207.113874
-38.5,2,207.14635
5516.0,15,207.422576
5460.0,14,207.682294
5543.55,7,207.811336
11.5,1,207.828538
11.5,1,207.846352
92.95,6,207.955957
-503.5,11,208.137633
5549.55,8,208.282555
-88.5,3,208.346988
-138.5,4,208.42134
18.65,3,208.497685
198.95,9,208.675218
-603.5,13,208.896186
-338.5,8,209.029602
-75.6,15,209.302689
-81.35,5,209.40555
-331.35,10,209.598803
5293.0,15,209.893054
11.5,1,209.910934
11.5,1,209.929439
5156.55,15,210.244055
-88.5,3,210.300924
-438.5,10,210.483716
11.5,1,210.507496
-238.5,6,210.621308
-88.5,3,210.678446
-38.5,2,210.727584
11.5,1,210.748038
5772.85,10,210.952341
5179.7,18,211.362062
-38.5,2,211.397933
-38.5,2,211.437488
-188.5,5,211.525809
27.95,5,211.618502
-138.5,4,211.693806
-38.5,2,211.733451
-188.5,5,211.815917
415.1,5,211.91554
5498.55,12,212.138358
-31.35,4,212.211492
-133.6,15,212.475491
5825.85,10,212.674975
5525.0,15,212.984289
5754.0,12,213.225835
5740.85,11,213.462165
5330.35,16,213.775622
11.5,1,213.793413
5595.0,12,214.022153
5661.0,17,214.348668
-38.5,2,214.384612
5794.0,9,214.563323
5385.0,18,214.901995
27.1,6,217.843006
36.95,12,218.07242
5606.85,17,218.404786
-501.1,15,218.688227
5633.0,19,219.073256
5893.0,8,219.241076
-238.5,6,219.389365
-88.5,3,219.45072
5711.7,11,219.670612
-31.35,4,219.750501
5930.0,14,220.045181
11.5,1,220.063041
-181.35,7,220.189852
5791.0,18,220.54689
-188.5,5,220.630263
-38.5,2,220.670197
-138.5,4,220.740353
-158.05,9,220.910116
-277.05,11,221.110275
5978.55,11,221.3264
-288.5,7,221.459554
-486.1,15,221.76604
-182.9,10,221.959425
260.1,6,222.083596
5575.35,15,222.384848
5261.55,19,222.762969
4896.5,27,223.304451
285.6,9,223.490382
-299.25,15,223.804296
-38.5,2,223.84038
6197.0,11,224.075315
6017.55,9,224.250408
-138.5,4,224.341149
-288.5,7,224.478717
11.5,1,224.503364
-20.6,11,224.723896
5975.0,10,224.919121
18.65,3,224.984066
5471.55,19,225.352268
5509.35,18,225.712433
-88.5,3,225.769176
5345.85,23,226.230325
-148.5,6,226.349236
-38.5,2,226.390004
-338.5,8,226.54762
-338.5,8,226.710845
6145.55,5,226.813216
-522.55,15,227.10869
-88.5,3,227.168286
-188.5,5,227.280849
-38.5,2,227.320939
-212.05,10,227.531585
5639.5,16,227.86616
-188.5,5,227.972681
11.5,1,228.000896
11.5,1,228.030226
-231.35,8,228.242726
5578.5,18,228.620572
6028.85,12,228.862588
6127.2,16,229.194971
5981.0,17,229.515688
176.95,9,229.681465
-38.5,2,229.719074
6280.7,8,229.873801
-848.5,17,230.162246
354.4,6,230.283527
350.4,8,230.443128
-38.5,2,230.480959
-38.5,2,230.522907
-231.35,8,230.686711
5877.0,21,231.085654
-238.5,6,231.199924
-88.5,3,231.259583
6088.0,14,231.552646
6040.0,17,231.928916
-31.35,4,232.020544
-67.9,8,232.181225
11.5,1,232.202002
11.5,1,232.219931
6015.85,18,232.580225
68.65,2,232.626459
4926.0,40,233.391921
-603.5,13,233.607529
6064.35,21,233.989521
11.5,1,234.008048
6062.85,13,234.245072
258.1,6,234.3603
-553.5,12,234.562201
11.5,1,234.583328
11.5,1,234.601574
-88.5,3,234.65189
5823.5,15,234.926503
11.5,1,234.945555
210.1,7,235.07016
-38.5,2,235.105868
-31.9,7,235.228875
5759.0,27,235.708714
5927.5,17,236.037665
-38.5,2,236.073314
-88.5,3,236.126923
-88.5,3,236.18235
-35.05,7,236.316937
5803.5,19,236.6833
-38.5,2,236.719082
-138.5,4,236.798511
6073.7,14,237.068016
6176.0,17,237.435559
-181.35,7,237.564614
6378.4,6,237.712786
6595.5,16,238.032133
-88.5,3,238.08949
6015.0,23,238.599364
6346.4,10,238.847084
-288.5,7,238.991058
11.5,1,239.011545
-87.75,13,239.290282
226.4,6,239.433566
229.1,5,239.540823
-288.5,7,239.682208
18.65,3,239.741554
41.95,5,239.842472
-38.5,2,239.883687
6264.0,15,240.194695
159.25,5,240.303029
6470.4,9,240.490469
-138.5,4,240.569118
6843.5,13,240.839648
6159.0,22,241.375886
-238.5,6,241.488743
6477.35,22,241.930593
6528.0,15,242.241727
-138.5,4,242.314016
-138.5,4,242.390182
-285.05,11,242.60507
6497.85,10,242.804514
6292.7,12,243.030427
-206.6,12,243.272649
11.5,1,243.292873
-38.5,2,243.344874
11.5,1,243.364761
179.1,3,243.450776
6654.0,9,243.658799
6104.55,15,243.936392
-38.5,2,243.976347
6618.7,8,244.139163
5944.5,20,244.512235
-238.5,6,244.616093
6668.7,10,244.806963
-29.9,7,244.937939
-88.5,3,244.996986
6662.85,12,245.224334
-138.5,4,245.29733
29.95,5,245.393527
6916.5,13,245.670422
6734.55,11,245.898922
6722.0,8,246.060859
6772.7,9,246.262987
-38.5,2,246.305118
6381.0,22,246.784457
-81.35,5,246.883468
-38.5,2,246.934754
-88.5,3,246.992481
11.5,1,247.035746
18.65,3,247.11166
-31.35,4,247.203983
-38.5,2,247.247599
6589.0,16,247.578692
6163.5,16,247.891093
-231.35,8,248.033066
-181.35,7,248.163408
11.5,1,248.185345
11.5,1,248.203963
-188.5,5,248.29167
-88.5,3,248.343559
-288.5,7,248.466077
-798.5,16,248.759823
-38.5,2,248.799082
-138.5,4,248.876829
-138.5,4,248.956988
11.5,1,248.978224
6570.55,10,249.192388
231.95,6,249.313837
11.5,1,249.339426
-88.5,3,249.404043
244.4,10,249.615092
-38.5,2,249.652328
364.1,4,249.72792
33.95,5,249.820469
6642.85,17,250.133417
-88.5,3,250.186095
6582.0,14,250.457721
11.5,1,250.479198
-188.5,5,250.559199
11.5,1,250.580237
6173.5,17,250.869178
11.5,1,250.890789
-131.35,6,250.998449
55.4,7,251.129116
-88.5,3,251.17804
-38.5,2,251.216262
-148.5,6,251.317684
6437.55,14,251.558058
6357.5,17,251.861605
6399.5,16,252.1466
-348.5,10,252.309291
-138.5,4,252.375776
18.65,3,252.459544
-370.05,13,252.675269
-281.35,9,252.825924
6706.0,14,253.074765
11.5,1,253.092124
6062.0,27,253.5548
293.95,5,253.648896
11.5,1,253.66694
-131.35,6,253.769644
-38.5,2,253.80597
38.1,6,253.919895
7225.0,6,254.038353
-138.5,4,254.103265
183.25,7,254.239931
6612.0,18,254.578203
-526.55,15,254.85211
-81.35,5,254.94607
6819.35,23,255.383239
-238.5,6,255.489076
-666.55,16,255.7866
7051.0,11,256.001553
6469.35,16,256.307393
-138.5,4,256.379218
11.5,1,256.402589
-188.5,5,256.494373
6285.05,16,256.805591
-131.35,6,256.930548
-148.75,13,257.192098
6825.0,16,257.513682
-188.5,5,257.607447
7134.85,11,257.83656
7026.5,21,261.240222
85.95,4,261.320317
-238.5,6,261.438916
-188.5,5,261.531479
7012.55,7,261.672328
-653.5,14,261.930147
6837.0,13,262.186932
6770.55,14,262.472233
-38.5,2,262.512951
6864.0,14,262.789732
-88.5,3,262.84805
89.95,4,262.939175
6664.0,17,263.28137
7145.0,15,263.592793
11.5,1,263.611394
6797.5,15,263.912607
18.65,3,263.972431
-38.5,2,264.008858
7101.0,15,264.305266
-235.2,10,264.507367
7180.7,10,264.704195
7095.55,13,264.961456
408.4,6,265.094072
6917.85,13,265.349698
6813.0,22,265.772389
7025.7,14,266.05335
-131.35,6,266.163179
-88.5,3,266.218444
-20.05,6,266.351249
407.4,5,266.452122
-88.5,3,266.509444
7465.35,13,266.790456
-138.5,4,266.859724
6976.0,18,267.229958
-38.5,2,267.267908
-88.5,3,267.327789
7599.5,14,267.617517
7496.7,6,267.743325
-288.5,7,267.877935
6857.5,15,268.173813
-31.35,4,268.253034
-188.5,5,268.346429
6908.5,15,268.648676
6742.0,23,269.121535
-388.5,9,269.300251
37.95,5,269.399029
7045.55,15,269.702449
7343.0,15,270.004697
-415.25,15,270.307335
7771.5,10,270.517878
6812.35,15,270.814765
7284.85,14,271.085804
-88.5,3,271.147724
7606.0,12,271.391219
11.5,1,271.410485
6709.5,18,271.764305
7238.0,12,272.006244
7079.5,15,272.314628
7444.0,12,272.558853
106.95,4,272.640556
7233.0,13,272.89425
-38.5,2,272.933267
11.5,1,272.951378
6979.5,17,273.304356
-38.5,2,273.341861
11.5,1,273.36021
-288.5,7,273.488681
-38.5,2,273.528067
-38.5,2,273.564973
-116.05,8,273.751842
7492.0,15,274.043863
-38.5,2,274.07963
-188.5,5,274.17041
-643.1,18,274.522359
-138.5,4,274.599247
-249.6,13,274.849679
11.5,1,274.873972
-791.35,18,275.204953
-188.5,5,275.301201
7373.85,17,275.64503
27.95,5,275.744022
254.4,10,275.951139
-546.35,14,276.208307
7005.0,20,276.599576
11.5,1,276.619379
-131.35,6,276.735015
-38.5,2,276.773765
7183.0,17,277.11098
122.1,9,277.286544
-88.5,3,277.342221
-38.5,2,277.379565
-238.5,6,277.494671
-288.5,7,277.618599
-38.5,2,277.655295
7504.55,13,277.912823
7332.0,15,278.211757
-238.5,6,278.332503
104.95,9,278.515067
-38.5,2,278.551168
7810.85,8,278.715621
-464.7,15,279.00684
7009.9,16,279.31369
-38.5,2,279.353494
11.5,1,279.372186
7304.55,12,279.606979
11.5,1,279.628251
7252.55,18,279.975451
7342.55,18,280.321368
7123.5,15,280.615547
-98.5,5,280.708925
7784.0,11,280.93312
7786.5,16,281.250323
-553.5,12,281.474876
7470.0,18,281.803878
-653.5,14,282.060141
7652.5,18,282.402087
-88.5,3,282.462332
11.5,1,282.482448
-476.9,15,282.750679
-138.5,4,282.837952
7721.0,14,283.116762
-38.5,2,283.1529
7521.4,15,283.433432
11.5,1,283.452505
-348.5,10,283.635917
7257.5,17,283.955527
-16.05,6,284.070126
7117.5,32,284.68072
7498.55,20,285.076688
137.95,3,285.139251
-594.4,15,285.420318
7677.0,11,285.662274
-138.5,4,285.737867
7756.0,13,286.003198
11.5,1,286.021952
146.95,8,286.174871
7778.4,9,286.358797
-88.5,3,286.417416
-55.9,8,286.571401
221.25,6,286.698624
-38.5,2,286.738642
11.5,1,286.763975
7792.0,10,286.95666
7428.5,15,287.262048
7560.0,16,287.560982
8134.55,7,287.702589
-31.35,4,287.783099
11.5,1,287.80164
7355.5,15,288.095405
7820.55,14,288.373111
7401.5,19,288.741169
-138.5,4,288.821837
7712.0,14,289.102147
-188.5,5,289.193567
11.5,1,289.216371
7970.0,14,289.494395
173.1,3,289.558822
276.1,6,289.674683
7640.35,15,289.964274
8312.0,10,290.171954
-741.35,17,290.481819
11.5,1,290.499779
11.5,1,290.518578
-138.5,4,290.590693
-88.5,3,290.643382
-188.5,5,290.734446
-31.35,4,290.817619
175.1,8,290.979554
-441.1,17,291.30923
6904.5,41,292.108864
-38.5,2,292.148745
38.95,7,292.28965
-88.5,3,292.344795
-88.5,3,292.397504
7752.0,21,292.814365
-802.85,17,293.120203
-98.5,5,293.219585
7301.0,26,293.733601
11.5,1,293.751992
-38.5,2,293.789497
52.4,12,294.018545
7636.0,19,294.386492
7539.9,15,294.673707
7236.0,29,295.221928
-38.5,2,295.262218
8154.0,12,295.506338
8085.0,11,295.728914
-562.1,16,296.038263
8229.0,12,296.281064
-288.5,7,296.409254
7731.5,15,296.71494
7836.55,14,296.988549
8257.85,7,297.128939
-88.5,3,297.187894
7698.9,15,297.483935
-733.5,15,297.760354
-138.5,4,297.841041
7516.5,18,298.18706
-31.35,4,298.269741
-65.05,9,298.452367
-238.5,6,298.567493
-38.5,2,298.607906
473.9,7,298.76611
7588.35,18,299.123283
8412.0,11,299.355188
8245.5,19,299.733011
8266.0,11,299.958204
7887.35,15,300.246083
8332.0,15,300.553472
-518.1,15,300.844203
7828.5,17,301.213712
8636.0,6,301.352296
8094.55,17,304.953737
8001.85,17,305.298946
-288.5,7,305.429216
-81.35,5,305.539212
192.4,11,305.761034
-690.4,17,306.096377
-46.6,16,306.41053
-1.05,11,306.643425
-138.5,4,306.711583
264.1,6,306.830656
8249.7,10,307.027632
7671.5,22,307.446629
-31.35,4,307.528714
-31.35,4,307.607451
8193.55,12,307.838214
-138.5,4,307.920066
8017.5,15,308.224849
11.5,1,308.24286
7731.9,16,308.559412
8572.0,12,308.790695
7961.35,16,309.111389
-279.05,11,309.322167
11.5,1,309.347003
-38.5,2,309.388274
76.4,7,309.527828
-38.5,2,309.573308
-553.5,12,309.777366
-752.85,16,310.064586
8354.0,18,310.421749
8196.0,16,310.806076
-38.5,2,310.863956
8260.0,16,311.166972
7507.0,31,311.719341
11.5,1,311.73732
8167.85,15,311.995228
-88.5,3,312.046876
7959.5,18,312.357784
8102.35,17,312.670474
8453.0,13,312.91019
-38.5,2,312.943943
8127.5,15,313.217859
8647.55,7,313.349574
7920.5,18,313.660504
100.4,13,313.894336
8565.0,12,314.119743
8063.9,15,314.396002
62.4,7,314.531416
8474.0,15,314.814491
8496.0,14,315.079571
-188.5,5,315.167419
8362.0,21,315.553055
79.95,4,315.636002
8700.7,8,315.798015
-288.5,7,315.9263
8643.55,7,316.057849
8661.55,10,316.269442
11.5,1,316.287301
8590.0,17,316.652212
-38.5,2,316.688754
-188.5,5,316.787315
-26.9,7,316.920945
8294.5,15,317.205057
-38.5,2,317.25071
-38.5,2,317.291553
-99.05,10,317.488119
8835.7,5,317.591844
9090.5,10,317.790481
8315.35,15,318.082642
-612.55,15,318.35297
8014.0,25,318.828878
4.95,8,318.981592
8772.85,11,319.197816
8774.0,12,319.447102
-188.5,5,319.553689
8563.7,13,319.806549
-188.5,5,319.906938
-88.5,3,319.96737
-265.6,13,320.207527
-31.35,4,320.298853
-231.35,8,320.461123
-172.05,9,320.62715
8896.0,10,320.826979
11.5,1,320.850657
290.95,7,320.992313
68.65,2,321.029809
-131.35,6,321.140032
-38.5,2,321.180297
-38.5,2,321.219465
8916.7,9,321.40896
8989.35,16,321.730636
8539.5,15,322.022536
-188.5,5,322.111242
8386.0,18,322.460449
8586.55,12,322.687655
16.8,5,322.79025
-138.5,4,322.869532
11.5,1,322.887731
8849.85,10,323.089856
-181.35,7,323.218735
8867.0,10,323.428465
-31.35,4,323.508754
-438.5,10,323.688847
11.5,1,323.707854
11.1,11,323.930382
8790.0,14,324.200901
8848.35,20,324.595456
-38.5,2,324.632124
-413.5,11,324.858323
-138.5,4,324.940342
8226.5,21,325.36215
8743.0,13,325.628872
8613.5,15,325.933509
-24.05,6,326.061057
8832.0,18,326.422966
-148.5,6,326.545855
8403.5,20,326.951913
8866.4,9,327.131138
-338.5,8,327.278335
8509.5,19,327.653258
8394.5,20,328.04218
11.5,1,328.060262
-802.85,17,328.402532
9028.0,16,328.732002
-646.4,16,329.049834
9204.0,13,329.30757
-112.05,8,329.457758
15.1,6,329.577481
8874.0,17,329.922752
8951.55,13,330.177227
-38.5,2,330.217315
349.4,8,330.379614
-331.35,10,330.580318
-138.5,4,330.65796
69.1,6,330.777843
11.5,1,330.798395
-238.5,6,330.91738
9083.0,15,331.231768
183.25,6,331.355918
8901.0,19,331.741028
9257.55,12,331.982243
-88.5,3,332.037465
9243.0,15,332.351729
8779.5,16,332.682176
8713.5,19,333.059112
11.5,1,333.077488
98.9,14,333.358083
18.65,3,333.420216
11.5,1,333.438709
51.5,2,333.477677
-302.9,12,333.730628
-60.05,7,333.863912
-88.5,3,333.915578
-388.5,9,334.087146
-138.5,4,334.167725
9009.7,11,334.388526
8865.5,15,334.685914
11.5,1,334.707185
-138.5,4,334.81577
9099.0,18,335.187917
-88.5,3,335.246793
-249.9,11,335.467925
9200.85,15,335.790699
-38.5,2,335.827392
9397.0,15,336.124779
-224.75,12,336.369622
11.5,1,336.387283
-38.5,2,336.430239
9294.85,12,336.663989
-138.5,4,336.748064
-38.5,2,336.787829
-503.5,11,336.995472
-38.5,2,337.032139
18.65,3,337.094072
9197.0,17,337.441516
300.4,7,337.582951
8916.5,15,337.886619
8964.5,16,338.205241
-592.55,15,338.506118
9211.0,16,338.836237
9213.85,14,339.118278
8626.5,20,339.500274
11.5,1,339.517994
-38.5,2,339.557724
-88.5,3,339.613683
9471.55,9,339.789247
9319.4,14,340.062057
9568.55,9,340.237276
11.5,1,340.25728
8785.05,17,340.588241
-288.5,7,340.717035
9445.0,15,341.021761
11.5,1,341.039733
11.5,1,341.057428
-438.5,10,341.24672
-288.5,7,341.391081
8778.5,18,341.732625
8999.0,21,342.150516
8636.5,24,342.610361
-31.35,4,342.687407
8873.7,18,343.049013
9643.0,10,343.250198
-38.5,2,343.286762
11.5,1,343.307929
-198.5,7,343.450753
11.5,1,343.476228
-238.5,6,343.589123
8881.35,21,344.011047
8883.9,15,344.306981
-338.5,8,344.477555
-31.35,4,344.556876
9364.7,10,344.757222
9532.7,7,344.896697
9398.85,12,348.039328
-88.5,3,348.095825
-238.5,6,348.206701
7805.0,47,349.129704
8827.0,31,349.740758
-188.5,5,349.834344
-702.85,15,350.121825
9477.7,13,350.374367
11.5,1,350.395872
-238.5,6,350.509686
8835.9,22,350.960084
9336.0,14,351.249146
-81.35,5,351.351179
-396.35,11,351.567633
9099.5,17,351.916161
11.5,1,351.937636
9664.55,14,352.232334
11.5,1,352.250636
-38.5,2,352.289094
-496.35,13,352.537222
-1102.85,23,352.991237
-38.5,2,353.031486
9743.55,7,353.17886
-188.5,5,353.273951
-88.5,3,353.329229
-38.5,2,353.366525
-238.5,6,353.487126
8.95,8,353.651654
11.5,1,353.676108
9419.0,16,353.99969
9806.0,6,354.120246
9916.5,12,354.358107
9378.7,17,354.685993
-38.5,2,354.726846
9833.55,11,354.953971
-88.5,3,355.007706
9473.85,19,355.384682
-238.5,6,355.509481
9031.05,18,355.851025
11.5,1,355.869026
11.5,1,355.8876
-138.5,4,355.966434
9800.55,11,356.188673
-288.5,7,356.326461
9270.0,24,356.784929
9488.55,18,357.161893
9503.0,14,357.450703
-446.35,12,357.701718
602.45,7,357.87079
11.5,1,357.888967
9086.5,22,358.331714
89.95,4,358.413566
-138.5,4,358.49103
-38.5,2,358.527115
-188.5,5,358.626784
102.95,4,358.711042
9717.0,15,359.004235
9503.0,22,359.450113
-188.5,5,359.549659
9815.0,13,359.809291
346.95,4,359.899137
11.5,1,359.917094
9416.35,15,360.21219
-88.5,3,360.26742
11.5,1,360.288108
9441.5,15,360.590342
-238.5,6,360.69839
11.5,1,360.717372
9522.85,17,361.058388
9480.55,14,361.326192
9779.0,16,361.651236
-188.5,5,361.746451
-288.5,7,361.886423
308.1,5,361.998776
11.5,1,362.019291
9853.0,16,362.333953
-88.5,3,362.387684
18.65,3,362.456616
-138.5,4,362.538233
68.65,2,362.577571
10189.7,7,362.720273
10069.85,10,362.919894
9651.0,18,363.293701
9573.0,17,363.646014
9542.5,15,363.954959
9687.0,23,364.406758
-38.5,2,364.452401
11.5,1,364.475003
10257.7,7,364.622331
-88.5,3,364.676701
11.5,1,364.697654
-138.5,4,364.775402
9945.0,16,365.112059
10458.5,13,365.387918
229.8,8,365.558794
-74.05,7,365.70757
-38.5,2,365.750085
-88.5,3,365.806302
-138.5,4,365.886978
9862.4,13,366.15989
-131.35,6,366.276325
10369.7,5,366.381244
10413.7,4,366.461284
11.5,1,366.485791
9777.0,16,366.805938
-231.35,8,366.956334
11.5,1,366.977408
-288.5,7,367.11736
11.5,1,367.138074
-720.0,15,367.431277
11.5,1,367.449384
10046.0,15,367.759488
-231.35,8,367.921325
9963.0,19,368.30955
9750.55,15,368.603883
10252.85,13,368.862904
-38.5,2,368.900782
-238.5,6,369.015478
-138.5,4,369.107305
-88.5,3,369.169995
-98.5,5,369.270657
-18.75,13,369.519902
-38.5,2,369.5571
10127.85,13,369.829867
-188.5,5,369.927698
-503.5,11,370.136664
-81.35,5,370.235991
-238.5,6,370.354979
11.5,1,370.376372
-852.85,18,370.722958
9855.0,21,371.120652
10035.55,9,371.297073
9591.5,20,371.700695
-23.9,12,371.940148
11.5,1,371.961902
10366.2,13,372.221382
9826.5,15,372.523026
11.5,1,372.541419
9726.0,19,372.928132
11.5,1,372.947394
-388.5,9,373.118699
-653.5,14,373.386978
9729.5,15,373.680383
10264.0,9,373.856795
-38.5,2,373.897143
-18.9,8,374.080962
-138.5,4,374.157796
9796.05,15,374.458077
-88.5,3,374.516202
-88.5,3,374.578335
-138.5,4,374.649593
9830.5,15,374.960114
10234.0,10,375.1563
-38.5,2,375.196097
10659.0,10,375.41555
11.5,1,375.437164
-446.35,12,375.667323
-446.35,12,375.90979
8472.85,48,376.841894
-238.5,6,376.956047
-438.5,10,377.148009
-249.9,11,377.366587
10314.85,16,377.69218
61.4,7,377.837139
11.5,1,377.857843
9799.5,18,378.213097
10610.0,10,378.431527
-733.5,15,378.729471
127.1,10,378.938668
-654.55,16,379.242936
-463.5,12,379.476613
10222.0,15,379.779135
11.5,1,379.796982
10257.7,10,379.997141
-446.35,12,380.224851
-138.5,4,380.30654
-162.05,9,380.496833
-181.35,7,380.636195
-38.5,2,380.679401
10381.7,8,380.837155
11.5,1,380.864896
11.5,1,380.889007
-752.85,16,381.180686
18.65,3,381.240363
-590.4,15,381.525481
-288.5,7,381.658725
313.4,7,381.800841
10404.7,12,382.032647
10511.0,14,382.318812
-38.5,2,382.358218
11.5,1,382.376025
-238.5,6,382.495201
68.65,2,382.5376
10510.0,10,382.747075
10453.0,10,382.949619
9512.0,32,383.597958
10175.0,15,383.889463
-388.5,9,384.067428
11.5,1,384.087632
11.5,1,384.110144
11.5,1,384.12841
-38.5,2,384.166126
-752.85,16,384.473582
10803.0,9,384.665751
-802.85,17,384.997455
98.95,9,385.174238
9946.5,20,385.592752
9883.05,16,385.903794
10744.55,9,386.10775
155.1,8,386.263201
-138.5,4,386.341091
9307.35,34,387.013826
10011.05,16,387.350455
-38.5,2,387.386973
336.95,5,387.48921
10448.0,12,387.731082
11.5,1,387.754844
-38.5,2,387.795711
10816.7,9,387.9794
-415.25,15,388.281853
-352.2,12,388.516219
11.5,1,388.537165
10056.5,19,391.764398
10169.5,18,392.111983
10538.55,11,392.327217
11.5,1,392.34896
10282.5,15,392.653486
20.1,11,392.878841
10756.55,14,393.161962
-338.5,8,393.316714
-38.5,2,393.356927
-643.55,16,393.682013
-218.05,10,393.875637
-38.5,2,393.915318
10669.0,14,394.206462
10469.0,17,394.557677
10228.5,16,394.882977
-38.5,2,394.920538
141.95,3,394.982221
10502.0,16,395.301089
-98.5,5,395.398674
-95.05,13,395.659223
-188.5,5,395.760434
10439.5,15,396.061084
10365.5,16,396.399483
-338.5,8,396.576987
18.65,3,396.636437
-38.5,2,396.675728
-48.5,4,396.764489
10530.5,15,397.06184
-147.75,17,397.40143
10657.0,14,397.677865
-88.5,3,397.735948
-504.1,15,398.024787
346.4,6,398.155535
-553.5,12,398.388648
11.5,1,398.409755
10343.05,15,398.695462
-188.5,5,398.804557
-148.5,6,398.928993
-88.5,3,398.98593
10460.5,15,399.281317
-38.5,2,399.320718
-25.9,7,399.461231
-88.5,3,399.514637
10365.5,17,399.864189
11.5,1,399.885809
18.65,3,399.946165
11.5,1,399.970212
11.5,1,399.98859
10929.0,12,400.222345
-331.05,12,400.456503
10514.0,22,400.913581
9656.0,36,401.631682
-38.5,2,401.667401
9873.5,27,402.209798
10937.55,9,402.390492
10419.35,18,402.738184
-338.5,8,402.895227
11.5,1,402.916935
10478.55,15,403.209415
11.5,1,403.227535
-637.2,17,403.568069
-190.9,10,403.756558
10835.0,16,404.077734
11.5,1,404.095576
11.5,1,404.11974
1.5,3,404.176502
10540.5,17,404.532777
-188.5,5,404.624266
10417.5,20,405.01462
10666.5,15,405.302695
11004.55,15,405.62229
10648.85,19,406.00794
11199.0,12,406.238741
11.5,1,406.267117
-88.5,3,406.322995
55.95,5,406.418463
1.5,3,406.478251
51.5,2,406.519706
-338.5,8,406.663902
10071.5,25,407.151519
18.65,3,407.206576
-138.5,4,407.280642
11.5,1,407.298639
10900.0,19,407.673659
-38.5,2,407.710762
10137.0,30,408.308675
-38.5,2,408.346076
-31.35,4,408.425352
237.25,8,408.584169
11.5,1,408.607026
-438.5,10,408.794972
-131.35,6,408.90959
11.5,1,408.927972
10964.85,18,409.303336
-392.1,15,409.614413
11139.55,9,409.797548
11296.0,10,409.999334
11010.7,10,410.195261
10472.5,23,410.668616
10679.05,15,410.96779
11.5,1,410.986378
11.5,1,411.006916
11.5,1,411.0268
11184.55,7,411.164992
10608.5,19,411.531623
11390.0,8,411.690383
-188.5,5,411.785326
11078.0,16,412.08949
10952.0,22,412.530986
10954.5,15,412.837008
76.4,7,412.977927
11.5,1,412.995973
11168.5,22,413.429798
11232.0,16,413.762415
10746.0,22,414.197528
-106.05,13,414.44982
10870.5,16,414.792435
-38.5,2,414.833175
73.1,5,414.936243
165.1,3,414.998214
-38.5,2,415.037098
-88.5,3,415.096665
-138.5,4,415.174631
11.5,1,415.22904
-38.5,2,415.266782
10578.55,20,415.668844
11.5,1,415.687485
-288.5,7,415.827581
-19.75,10,416.027036
-38.5,2,416.068285
-138.5,4,416.151168
11316.0,10,416.361573
-88.5,3,416.416035
11.5,1,416.437772
-38.5,2,416.476307
11185.0,18,416.852469
11566.4,10,417.058678
10464.0,35,417.760744
-138.5,4,417.848094
11357.85,12,418.086028
11.5,1,418.106764
10920.35,16,418.437458
-288.5,7,418.566643
11.5,1,418.586535
11268.0,14,418.879092
11.5,1,418.897682
11498.9,15,419.198485
11464.0,13,419.481763
11460.7,12,419.719195
-553.5,12,419.935156
-88.5,3,419.998518
-88.5,3,420.055026
11106.5,15,420.364465
-188.5,5,420.466707
11347.0,16,420.784681
-145.6,11,421.016201
99.1,9,421.198208
-88.5,3,421.259422
11673.05,11,421.476654
-38.5,2,421.516421
11321.55,10,421.715619
11625.0,7,421.856998
-38.5,2,421.899054
11650.0,10,422.098883
-575.4,15,422.39327
11131.85,17,422.73783
11618.0,8,422.907821
11.5,1,422.925929
10857.5,19,423.309792
11.5,1,423.335145
-181.35,7,423.475088
11011.5,19,423.861017
11186.5,16,424.201271
102.95,11,424.452379
202.1,7,424.601638
-88.5,3,424.656534
-38.5,2,424.697226
11894.05,11,424.925917
-188.5,5,425.035929
11.5,1,425.057436
-38.5,2,425.09589
11434.0,18,425.461962
11036.5,17,425.800121
11.5,1,425.825094
11133.0,24,426.327867
-88.5,3,426.386671
-288.5,7,426.517418
-88.5,3,426.575595
-238.5,6,426.695762
11.5,1,426.71737
11865.0,11,426.951465
10910.85,29,427.552126
-238.5,6,427.665341
11964.0,11,427.896301
11643.55,10,428.10907
11.5,1,428.12799
-88.5,3,428.185807
-493.1,15,428.488825
11191.2,15,428.789207
11957.35,15,429.089014
11848.0,10,429.286437
11.5,1,429.307429
29.95,5,429.40801
-359.1,17,429.74335
-396.35,11,429.94018
-623.7,15,430.23871
-38.5,2,430.27776
11.5,1,430.295395
242.25,8,430.447706
18.65,3,430.506507
18.65,3,430.565942
-138.5,4,430.646302
-88.5,3,430.707962
10830.0,34,431.326133
-38.5,2,431.365077
-238.5,6,431.479825
-725.4,18,431.809644
11.5,1,431.830758
-188.5,5,431.920135
11544.55,11,432.144893
12086.35,11,432.365931
11724.0,11,432.586131
-138.5,4,432.66873
11381.5,17,435.930489
-88.5,3,435.987019
-181.35,7,436.11904
12019.85,9,436.310884
11289.5,18,436.67437
11357.5,17,437.032788
11623.55,13,437.309397
11181.5,20,437.709651
-138.5,4,437.793246
-188.5,5,437.893344
11437.5,16,438.220019
-38.5,2,438.261404
11587.5,15,438.573086
11.5,1,438.594458
11542.5,15,438.91172
11359.5,19,439.299103
10691.0,40,440.10047
11852.0,11,440.315017
11533.5,17,440.662109
-88.5,3,440.716002
-238.5,6,440.835609
-240.9,11,441.059727
-88.5,3,441.115268
-81.35,5,441.215347
10854.35,29,441.800668
-38.5,2,441.835525
11.5,1,441.856909
350.4,6,442.003624
11014.2,24,442.489218
-81.35,5,442.586906
11598.5,15,442.889715
9700.0,57,444.007585
11.5,1,444.025768
-31.35,4,444.107245
12077.0,14,444.386014
-88.5,3,444.448983
11.5,1,444.471459
11960.7,10,444.667315
10532.5,50,445.659538
-38.5,2,445.696743
11519.55,16,446.029713
11629.5,15,446.330729
11.5,1,446.354677
18.65,3,446.41658
11617.35,15,446.730392
-38.5,2,446.768249
-38.5,2,446.806028
11931.0,15,447.120571
11.5,1,447.139037
406.4,5,447.249663
12282.0,6,447.38643
-38.5,2,447.42585
-188.5,5,447.527489
14.8,5,447.62603
11.5,1,447.646194
-88.5,3,447.706514
11983.0,12,447.946002
11628.35,15,448.250283
12026.0,13,448.519658
-821.7,19,448.88853
366.4,7,449.030693
-238.5,6,449.145736
11.5,1,449.166372
-88.5,3,449.222176
12264.85,7,449.365684
-188.5,5,449.465889
12108.55,14,449.746095
-31.35,4,449.825564
-452.1,15,450.129646
10282.35,47,451.020165
-88.5,3,451.075504
-184.9,10,451.285683
12430.0,5,451.394599
12145.55,8,451.555906
-138.5,4,451.635241
333.25,8,451.797862
12251.0,13,452.058406
51.5,2,452.095901
11743.05,15,452.400482
-446.35,12,452.6277
12345.0,13,452.889298
-31.35,4,452.964546
11.5,1,452.986053
12042.0,14,453.261875
-38.5,2,453.305305
213.1,7,453.447274
-38.5,2,453.484102
-563.5,14,453.756318
-31.35,4,453.83499
-238.5,6,453.955665
-138.5,4,454.036527
-128.9,9,454.217946
-38.5,2,454.254747
170.1,3,454.31838
11766.35,18,454.686962
12548.0,9,454.867805
444.95,4,454.951952
-76.9,8,455.105535
-38.5,2,455.144768
-138.5,4,455.224728
222.95,8,455.418742
-38.5,2,455.456151
12162.85,16,455.794084
11.5,1,455.815165
-338.5,8,455.975455
1.5,3,456.036228
-238.5,6,456.155609
11882.5,16,456.501825
-238.5,6,456.616772
372.1,4,456.697868
-38.5,2,456.736384
12294.0,11,456.954306
12181.0,20,457.36054
12024.85,17,457.69771
-188.5,5,457.795756
11823.05,15,458.098164
12029.35,15,458.40035
11791.5,18,458.758877
11.5,1,458.777855
-38.5,2,458.82681
12605.85,12,459.076394
-31.35,4,459.155739
-38.5,2,459.19892
12014.0,21,459.620605
11929.85,26,460.130711
-38.5,2,460.174742
-38.5,2,460.215094
12282.5,26,460.760043
-88.5,3,460.817752
11999.05,15,461.128668
12578.7,10,461.308686
11659.5,23,461.71812
-553.5,12,461.919859
-78.9,8,462.060591
11774.35,22,462.461797
10.8,5,462.554103
-138.5,4,462.619523
-88.5,3,462.671819
-288.5,7,462.786729
-696.4,17,463.071038
11.5,1,463.089036
12110.5,16,463.383108
12225.5,17,463.721775
-88.5,3,463.772201
12157.0,18,464.092453
11.5,1,464.11073
-231.35,8,464.24562
12357.0,21,464.631948
12142.0,25,465.094967
12228.5,15,465.366649
68.65,2,465.414252
242.4,8,465.570251
12688.85,15,465.848163
-658.55,18,466.169353
12389.5,15,466.449653
11.5,1,466.468876
-88.5,3,466.524163
-87.9,8,466.672864
12520.85,16,466.977845
-88.5,3,467.033544
-88.5,3,467.08493
11.5,1,467.109199
12279.5,15,467.38871
11.5,1,467.406714
-670.55,16,467.717622
-148.5,6,467.825518
-31.35,4,467.899814
12851.0,9,468.085755
51.5,2,468.135801
-38.5,2,468.177137
12574.0,15,468.555103
-188.5,5,468.680458
-38.5,2,468.715335
12265.0,25,469.158898
58.4,10,469.345339
11741.9,25,469.770982
12232.5,17,470.07454
-256.05,16,470.384481
291.4,9,470.558679
184.95,9,470.726188
12634.85,15,471.001072
13026.0,14,471.266295
-487.1,15,471.523447
12559.5,15,471.801554
11.5,1,471.81978
12288.2,16,472.103019
-138.5,4,472.169688
12583.0,20,472.526557
-238.5,6,472.628952
13186.0,7,472.765992
68.65,2,472.804328
13311.0,7,472.951008
400.4,5,473.054212
40.4,10,473.241742
11.5,1,473.260703
12473.35,16,473.560585
12735.7,11,473.768187
-733.5,15,474.035015
12960.0,9,474.228316
-38.5,2,474.262909
12614.5,15,474.592415
-88.5,3,474.653152
-88.5,3,474.70953
12762.0,16,475.013771
12499.5,19,475.377383
12910.4,15,475.676997
-88.5,3,475.729867
-38.5,2,475.769627
12452.5,18,479.149669
-231.35,8,479.293597
520.9,8,479.465511
-88.5,3,479.518367
-87.6,10,479.704644
-379.05,13,479.95397
13492.85,6,480.090944
10626.0,60,481.190312
12453.05,17,481.524248
79.95,4,481.606421
134.95,8,481.768867
-281.35,9,481.937862
12524.5,19,482.297851
13000.0,17,482.628547
11.5,1,482.647084
-88.5,3,482.703946
-88.5,3,482.764647
11.5,1,482.787707
13177.0,13,483.0541
13297.05,14,483.32587
6.4,8,483.484
11.5,1,483.507337
12606.0,20,483.884182
11.5,1,483.90422
12756.85,16,484.205407
12912.55,11,484.425274
12758.35,15,484.71623
-38.5,2,484.753963
-604.55,15,485.028125
-88.5,3,485.084089
13329.85,10,485.288769
-38.5,2,485.324043
12627.35,19,485.704847
13248.85,12,485.947201
11.5,1,485.966605
168.1,3,486.028156
-98.5,5,486.126258
11.5,1,486.144277
12351.9,20,486.519572
279.25,7,486.658726
12960.55,12,486.8828
13202.0,12,487.122732
-238.5,6,487.2411
-38.5,2,487.275029
11.5,1,487.29404
-244.05,11,487.503371
-38.5,2,487.546579
12615.05,20,487.926926
12812.0,21,488.32407
-88.5,3,488.380452
12790.85,20,488.763901
-38.5,2,488.805191
12879.35,15,489.110843
12806.2,16,489.408264
13497.7,9,489.590129
-172.9,10,489.786562
13787.5,10,490.050444
11.5,1,490.06916
11.5,1,490.087897
13133.0,16,490.407425
13439.0,15,490.727555
13586.0,9,490.91114
-288.5,7,491.054663
13302.85,16,491.393138
13417.7,7,491.534742
-37.6,9,491.743772
13321.0,13,492.080714
12972.35,17,492.391826
-798.5,16,492.656956
-38.5,2,492.698718
13047.5,15,492.964722
-88.5,3,493.013785
12903.35,16,493.297496
202.4,9,493.462504
-38.5,2,493.49952
-88.5,3,493.548717
12829.5,21,493.932112
-38.5,2,493.965814
-388.5,9,494.115797
-81.35,5,494.2062
-138.5,4,494.274596
13338.85,14,494.548255
13572.55,11,494.750603
10921.5,71,495.94131
-238.5,6,496.04362
-88.5,3,496.099012
13455.0,15,496.378901
13866.85,6,496.499268
11.5,1,496.518487
-38.5,2,496.556007
-38.5,2,496.597198
13529.85,9,496.76827
51.5,2,496.837723
11.5,1,496.857611
-88.5,3,496.914099
13762.7,7,497.045614
11.5,1,497.063764
174.4,7,497.204254
13001.9,16,497.502816
11.5,1,497.525973
11941.85,49,498.47396
-288.5,7,498.603497
-188.5,5,498.695246
13376.55,14,498.971911
13910.7,5,499.079466
-38.5,2,499.11523
-88.5,3,499.168787
-38.5,2,499.214142
-38.5,2,499.253424
14025.0,5,499.357234
283.8,7,499.520897
12655.85,29,500.097566
68.65,2,500.145517
13393.0,20,500.580405
170.4,5,500.697302
13326.0,22,501.209966
-238.5,6,501.321192
-38.5,2,501.36099
11.5,1,501.378771
13879.0,9,501.567814
13484.0,20,501.945529
338.95,6,502.067197
-752.85,16,502.344135
13314.5,15,502.631272
13324.5,15,502.910218
13946.0,13,503.178879
-31.35,4,503.267636
-948.5,19,503.643551
13242.5,19,504.004747
13606.55,16,504.291747
13595.7,15,504.558647
13639.0,18,504.881397
-88.5,3,504.932765
-238.5,6,505.035453
-38.5,2,505.067954
13715.0,12,505.308757
-5.6,10,505.48681
-88.5,3,505.539922
-64.05,7,505.665139
-188.5,5,505.749051
11.5,1,505.767308
-88.5,3,505.817225
81.1,8,505.970756
13368.5,17,506.268825
13915.0,15,506.541334
-438.5,10,506.703007
13826.0,16,506.990354
13359.35,18,507.309587
13031.5,22,507.680859
11.5,1,507.701069
14151.0,8,507.852437
13534.85,23,508.261515
13835.0,14,508.529025
13949.55,6,508.642505
279.4,8,508.789294
205.25,6,508.914198
-231.35,8,509.060854
11520.5,68,510.340928
-553.5,12,510.563182
217.25,8,510.734407
1.5,3,510.795738
11.5,1,510.821815
18.65,3,510.88559
-98.5,5,510.986626
11.5,1,511.005385
-31.35,4,511.085928
13799.0,18,511.448008
11.5,1,511.466372
11.5,1,511.484153
-38.5,2,511.538861
18.65,3,511.596437
11.5,1,511.616539
-38.5,2,511.656427
-248.5,8,511.814052
14053.55,11,512.064174
11.5,1,512.087605
257.4,8,512.261311
-88.5,3,512.326299
14195.85,8,512.526173
-38.5,2,512.583824
13790.0,14,512.880355
-22.05,6,513.003577
13132.0,29,513.599677
13391.05,16,513.952126
465.4,4,514.040502
13665.5,15,514.366476
13994.7,13,514.651823
14206.0,13,514.938965
-288.5,7,515.078241
131.95,8,515.236589
13678.5,17,515.565706
-553.5,12,515.762576
14013.0,15,516.05889
14144.85,12,516.27668
14079.85,13,516.518366
13421.05,19,516.856168
-38.5,2,516.890736
13619.5,18,517.212739
13199.85,33,517.796194
-238.5,6,517.90003
-88.5,3,517.949927
-138.5,4,518.017342
14259.7,6,518.127311
-188.5,5,518.213912
-196.05,10,521.49821
13957.0,15,521.788414
14162.85,15,522.068243
169.1,8,522.219607
14392.0,12,522.464751
14143.85,11,522.680675
-32.9,7,522.816527
-188.5,5,522.904301
14574.55,5,523.011717
-88.5,3,523.072751
-38.5,2,523.111708
13871.55,16,523.426487
14259.2,17,523.747577
14373.55,5,523.854346
11.5,1,523.876579
13656.5,18,524.209156
14271.0,16,524.528831
11.5,1,524.55052
-231.35,8,524.696737
14045.55,14,524.984818
14149.0,19,525.37755
-288.5,7,525.508313
14394.0,14,525.785754
-38.5,2,525.823769
14244.55,11,526.076153
-643.5,15,526.375444
158.1,8,526.537477
14449.2,15,526.857773
-38.5,2,526.907553
14092.55,12,527.198374
-188.5,5,527.306305
82.1,5,527.42452
176.1,3,527.487994
45.95,10,527.669645
-88.5,3,527.723793
14657.85,8,527.879334
13972.85,20,528.245025
92.95,6,528.363053
14382.85,10,528.562677
14194.0,16,528.853719
-331.35,10,529.031888
14342.0,14,529.318045
272.1,6,529.427187
14613.55,4,529.505768
-138.5,4,529.570591
14123.85,24,530.033459
119.1,9,530.196087
14378.0,18,530.532238
-31.35,4,530.60533
-138.5,4,530.671107
-338.5,8,530.800725
-188.5,5,530.885778
14109.5,17,531.194511
-88.5,3,531.247036
14482.0,14,531.5038
68.65,2,531.544405
14610.0,12,531.760502
11.5,1,531.778113
14192.35,15,532.048538
14344.55,11,532.239535
-138.5,4,532.309987
13265.5,35,532.946932
-238.5,6,533.055694
-88.5,3,533.111134
14239.5,15,533.39645
14539.0,17,533.728135
-188.5,5,533.817576
14741.5,15,534.102706
-38.5,2,534.138312
14625.0,13,534.426838
14710.55,14,534.73836
14480.0,20,535.151108
14486.0,19,535.5712
14885.55,8,535.746569
14805.55,7,535.908075
14233.5,17,536.268731
14801.55,5,536.37407
14820.55,9,536.580273
276.8,8,536.780834
11.5,1,536.802832
14644.0,15,537.127028
14238.5,18,537.509193
14929.55,6,537.666907
-584.4,15,537.980311
11.5,1,538.006129
-38.5,2,538.045812
-288.5,7,538.186846
-388.5,9,538.366199
14780.0,15,538.721032
-288.5,7,538.864991
14947.85,8,539.045446
15153.85,6,539.168996
-39.2,6,539.289512
14288.5,20,539.710849
-222.05,10,539.916286
14928.55,11,540.158195
14309.5,17,540.531864
14518.5,15,540.849457
14895.55,6,540.975529
11.5,1,540.997561
-637.7,15,541.331233
14393.5,16,541.641476
15280.0,8,541.807524
14400.5,17,542.144229
-188.5,5,542.233771
11.5,1,542.252293
14277.5,21,542.655075
-288.5,7,542.781225
-88.5,3,542.837937
-331.35,10,543.016382
14598.7,19,543.387702
376.6,7,543.547763
-503.5,11,543.829145
14431.05,15,544.160103
14498.0,22,544.57652
11.5,1,544.595238
11.5,1,544.613903
14757.55,12,544.829855
11.5,1,544.8489
14951.7,12,545.067172
14630.0,18,545.380454
14252.2,20,545.724838
11.5,1,545.742136
-496.35,13,545.979074
11.5,1,545.997338
-38.5,2,546.033604
31.25,9,546.195352
15028.5,18,546.512906
15166.7,10,546.694829
-168.05,9,546.852304
13798.0,36,547.466211
15595.5,7,547.604708
14849.85,15,547.874208
61.1,10,548.049722
-88.5,3,548.102054
14985.85,11,548.304603
-31.35,4,548.375388
-188.5,5,548.461182
15105.55,9,548.642639
14303.5,23,549.061733
82.1,5,549.163648
15090.0,14,549.439132
-338.5,8,549.575852
-38.5,2,549.612352
-438.5,10,549.786961
11.5,1,549.806468
-88.5,3,549.863857
14795.0,22,550.28688
11.5,1,550.305632
-512.55,15,550.585939
68.65,2,550.623447
-38.5,2,550.660885
14484.5,22,551.10348
14620.5,22,551.554556
11.5,1,551.573401
15539.0,6,551.69578
15274.7,10,551.885823
15090.0,17,552.204236
14604.0,28,552.724984
-140.9,9,552.915243
15141.0,15,553.209075
15584.55,6,553.346885
11.5,1,553.365942
14766.35,18,553.784317
15267.55,11,554.01886
11.5,1,554.047492
15129.55,14,554.329247
-88.5,3,554.393218
-38.5,2,554.435945
-496.35,13,554.705449
14653.55,18,555.084359
15456.5,14,555.382688
105.4,11,555.624384
11.5,1,555.651852
15503.0,11,555.909128
-338.5,8,556.074582
14420.5,27,556.626907
14964.5,17,556.980221
-188.5,5,557.070258
-138.5,4,557.142302
-706.55,17,557.447316
-168.05,11,557.654852
15417.0,12,557.887264
15622.0,8,558.049896
-145.9,12,558.276166
-553.5,12,558.483033
-38.5,2,558.520904
239.25,9,558.710115
-88.5,3,558.806813
15205.85,18,559.208539
258.95,6,559.366034
14842.5,17,559.719944
14948.5,15,560.031769
11.5,1,560.053506
-620.55,15,560.369426
15312.7,15,560.670287
15111.5,15,561.007248
14805.5,22,561.473061
11.5,1,561.494903
15088.35,15,561.811513
14985.5,19,565.451628
-138.5,4,565.536496
15286.0,20,565.938507
15656.0,7,566.090367
14783.55,24,566.552791
15570.0,15,566.8452
15117.85,19,567.212837
231.1,7,567.355019
-36.9,12,567.580057
-38.5,2,567.62381
15559.0,11,567.839888
-98.5,5,567.936076
15512.7,9,568.115228
15037.0,25,568.619777
-88.5,3,568.676948
-666.55,16,568.986474
-38.5,2,569.026168
11.5,1,569.044366
15754.0,7,569.185423
15632.0,12,569.425327
-188.5,5,569.522443
15127.05,15,569.823118
18.1,6,569.94797
15294.0,18,570.364718
14919.35,23,570.84677
16082.85,5,570.949221
15281.5,16,571.263314
15283.0,26,571.767187
15604.55,11,571.977031
15615.55,15,572.299506
15394.5,15,572.616383
11.5,1,572.636226
15214.0,23,573.107776
15539.0,18,573.467863
15837.0,13,573.725645
15330.5,16,574.047053
-38.5,2,574.08356
15743.0,16,574.406733
15304.0,25,574.928735
15793.0,12,575.17618
15426.35,27,575.72453
-88.5,3,575.783585
15353.5,17,576.131967
15388.85,22,576.6164
-288.5,7,576.728904
15489.35,15,577.022393
14927.5,25,577.459516
353.4,6,577.576522
15530.0,18,577.899369
-409.1,15,578.160386
-138.5,4,578.225452
173.1,8,578.362797
-243.9,11,578.551831
15357.0,27,579.023053
-31.35,4,579.091879
-81.35,5,579.179657
221.8,8,579.332196
15832.7,11,579.526554
15761.0,15,579.792459
16354.0,6,579.910301
16079.0,10,580.100285
15512.35,17,580.396556
172.1,8,580.543159
-338.5,8,580.68478
-38.5,2,580.721456
15645.5,16,581.011222
-88.5,3,581.062489
16133.55,5,581.161954
16407.7,4,581.248317
-31.35,4,581.322902
15969.0,15,581.606097
11.5,1,581.626001
15743.55,18,581.963197
16202.0,11,582.178755
16161.7,6,582.301738
-693.4,17,582.610114
-88.5,3,582.665817
15772.5,16,582.976186
15991.0,17,583.304271
-122.05,8,583.467955
-241.6,14,583.750391
-288.5,7,583.886869
16557.55,5,583.995317
-558.55,16,584.311834
-88.5,3,584.370489
-38.5,2,584.415346
16206.85,15,584.729158
15382.5,37,585.511675
15681.05,15,585.854967
51.5,2,585.893466
-38.5,2,585.932834
15733.5,16,586.257025
15314.55,23,586.74441
16075.55,14,587.023205
16220.85,9,587.218996
16447.0,9,587.405041
15563.9,18,587.768588
16194.0,15,588.086979
16094.55,16,588.417979
15990.85,16,588.754642
16486.55,9,588.938358
-138.5,4,589.022683
15666.5,18,589.38634
-98.5,5,589.486324
-188.5,5,589.584027
-38.5,2,589.621686
18.65,3,589.685264
15922.5,15,589.996217
15947.0,23,590.46768
14481.0,50,591.43484
16309.55,10,591.643451
16456.85,9,591.827193
15941.35,17,592.165922
18.65,3,592.232265
16285.0,15,592.542029
16571.7,8,592.699277
68.65,2,592.742842
15726.2,18,593.107799
11.95,6,593.227998
-88.5,3,593.282193
11.5,1,593.303076
-338.5,8,593.461632
11.5,1,593.482868
11.5,1,593.50378
15796.2,17,593.850131
11.5,1,593.870894
15273.35,30,594.476944
-188.5,5,594.574471
-88.5,3,594.632267
-88.5,3,594.693613
-231.35,8,594.853267
111.95,4,594.936213
15871.55,17,595.274447
15692.0,30,595.888056
16119.55,14,596.162875
-238.5,6,596.28259
11.5,1,596.303624
16436.85,10,596.512494
16142.5,16,596.859435
-81.35,5,596.963638
16728.0,11,597.197546
16201.5,15,597.510175
-188.5,5,597.619065
16550.0,16,597.989783
-38.5,2,598.029468
16517.0,16,598.359428
16044.2,15,598.620215
-38.5,2,598.65318
11.5,1,598.670531
6487.0,214,602.372777
-88.5,3,602.426794
15957.5,21,602.836203
15874.5,22,603.245549
16694.85,11,603.46774
-38.5,2,603.505997
16115.5,15,603.776966
1.5,3,603.838738
11.5,1,603.857033
-38.5,2,603.892682
-852.85,18,604.258919
11.5,1,604.279063
51.5,2,604.330076
-188.5,5,604.436089
-138.5,4,604.512506
16055.55,17,604.868644
16340.5,15,605.181306
16822.0,10,605.395067
16670.7,11,605.613328
16505.55,10,608.811305
11.5,1,608.831372
-388.5,9,608.999838
16177.5,15,609.325713
-638.4,16,609.626917
-38.5,2,609.661686
16400.55,12,609.884165
-138.5,4,609.954721
-70.05,7,610.087637
16219.5,15,610.370081
16101.35,19,610.71368
16621.85,11,610.918552
-138.5,4,610.988324
145.4,10,611.172563
-198.5,7,611.29493
-138.5,4,611.360581
15930.35,25,611.826376
-735.4,18,612.137234
-589.4,16,612.420296
-38.5,2,612.456949
-649.4,16,612.765781
16846.0,8,612.915482
16943.0,10,613.102916
-176.9,10,613.282776
11.5,1,613.301035
16405.5,15,613.593246
-38.5,2,613.627783
16788.0,14,613.893099
16853.0,15,614.178965
16941.55,9,614.365832
16602.0,14,614.644352
-38.5,2,614.680567
11.5,1,614.704564
17041.85,8,614.863299
-181.35,7,614.996596
-188.5,5,615.085559
16768.55,11,615.311281
16891.7,7,615.456635
-181.35,7,615.595694
16485.0,23,616.05914
16590.0,22,616.498291
29.95,5,616.605911
16530.5,16,616.925816
16548.5,17,617.27655
14541.0,59,618.423919
419.1,3,618.488598
-338.5,8,618.649493
16978.0,15,618.968872
-633.7,15,619.278875
-88.5,3,619.338509
11.5,1,619.356443
51.5,2,619.404484
161.4,12,619.662836
-38.5,2,619.701535
17181.5,16,620.045742
511.6,4,620.131898
-438.5,10,620.332176
17037.55,6,620.456967
16826.0,15,620.764986
16256.55,23,621.21293
16656.0,18,621.574532
-138.5,4,621.655039
-138.5,4,621.736536
-42.75,9,621.916482
-388.1,15,622.228023
16592.2,26,622.725887
-38.5,2,622.762943
-351.25,16,623.087042
16648.2,15,623.397266
11.5,1,623.41672
-288.5,7,623.572416
16741.4,20,623.97664
-38.5,2,624.012304
-288.5,7,624.155143
17019.0,17,624.50937
-81.35,5,624.613266
11.5,1,624.632422
16336.5,24,625.127381
16290.35,25,625.619101
-88.5,3,625.681643
17399.0,10,625.905879
16983.0,19,626.296586
-549.1,16,626.616676
16623.05,16,626.937895
11.5,1,626.962344
16644.5,16,627.278276
-131.35,6,627.403701
-38.5,2,627.441253
-112.05,8,627.602696
16653.35,18,627.966895
-88.5,3,628.024069
-188.5,5,628.120509
11.5,1,628.143009
16942.55,12,628.391145
17079.0,12,628.644194
16548.5,22,629.086815
17295.35,16,629.397624
-38.5,2,629.431947
11.5,1,629.455785
16782.5,15,629.75662
17194.0,13,630.022293
350.4,6,630.152716
-446.35,12,630.375748
16596.5,21,630.790652
17312.55,12,631.040877
153.95,3,631.102
16412.5,25,631.616156
17475.0,11,631.832948
17066.55,17,632.196717
17005.5,15,632.50957
17148.7,16,632.826711
-14.05,6,632.944974
16971.35,15,633.257111
-188.5,5,633.352998
-238.5,6,633.472514
-1020.0,21,633.884853
16981.5,17,634.242201
-31.35,4,634.321377
11.5,1,634.345446
17562.55,10,634.543003
-88.5,3,634.633165
17191.05,22,635.086552
123.1,9,635.26424
17149.0,19,635.643949
17265.0,17,635.983665
16991.35,15,636.282083
-88.5,3,636.342117
158.4,5,636.445794
17271.0,21,636.879069
-138.5,4,636.956679
11.5,1,636.974794
16993.5,15,637.267811
-38.5,2,637.301796
17201.55,13,637.554353
-85.9,13,637.805172
-88.5,3,637.865338
-504.55,15,638.166332
17200.0,18,638.524357
11.5,1,638.544987
-38.5,2,638.600487
-88.5,3,638.672004
17229.55,19,639.055161
17377.0,13,639.313038
16990.4,19,639.694206
17425.55,13,639.954669
-138.5,4,640.032031
261.1,6,640.159978
-148.5,6,640.282383
-691.35,16,640.624349
-188.5,5,640.721273
-88.5,3,640.783026
17080.0,24,641.276493
-88.5,3,641.341087
17748.7,10,641.543998
17169.5,16,641.876787
17993.5,10,642.081494
-38.5,2,642.122009
239.95,6,642.245965
-405.9,14,642.524983
-88.5,3,642.582388
-88.5,3,642.642623
18063.85,8,642.824419
201.4,9,643.006437
17891.85,10,643.21533
17582.0,15,643.525648
-38.5,2,643.565839
-188.5,5,643.659711
-188.5,5,643.760024
-88.5,3,643.821689
17537.5,21,644.253806
17106.2,15,644.555994
-38.5,2,644.593728
17538.0,20,644.996061
17638.85,17,645.344896
-138.5,4,645.4214
16994.0,26,645.962906
-38.5,2,646.001514
17950.55,7,646.143117
17671.55,15,646.455164
85.95,4,646.541995
-38.5,2,646.58488
17986.85,9,646.763538
17824.55,6,646.900028
17414.5,16,647.229876
17538.55,19,647.656837
17408.5,16,647.995982
16924.35,26,648.524775
17507.0,18,648.89339
17969.0,12,649.133559
17372.5,18,649.506979
11.5,1,649.526262
-38.5,2,649.560821
11.5,1,649.581922
11.5,1,649.603443
-38.5,2,649.641556
17745.0,17,652.884246
17684.55,17,653.238389
-88.5,3,653.29244
-38.5,2,653.331082
17281.5,21,653.76175
17460.85,26,654.316102
17551.5,17,654.677422
17293.2,16,655.003491
-654.55,16,655.315922
17979.0,15,655.62954
17416.5,18,656.04358
17389.2,16,656.39185
18224.55,8,656.567127
17784.0,16,656.879802
17717.5,15,657.165668
-38.5,2,657.199157
-388.5,9,657.347328
-88.5,3,657.399983
-188.5,5,657.482192
17824.0,19,657.82302
17728.5,16,658.114866
17653.0,18,658.432116
11.5,1,658.449476
16665.0,42,659.17859
17632.5,18,659.553111
-188.5,5,659.671922
-188.5,5,659.760451
17986.7,9,659.929638
17846.7,12,660.153319
-752.85,16,660.420988
164.4,14,660.688275
18068.0,15,660.959021
11.5,1,660.976993
11.5,1,660.998153
391.4,7,661.134278
17605.0,22,661.519371
18164.0,13,661.759778
17829.0,22,662.155847
17947.0,16,662.458165
-238.5,6,662.557425
17047.5,31,663.100703
17679.05,15,663.370391
17714.5,16,663.675511
-88.5,3,663.730294
-38.5,2,663.76555
17822.55,14,664.017484
18277.85,8,664.17031
17723.05,15,664.462576
-910.55,21,664.821948
18051.0,17,665.13227
-38.5,2,665.169731
18042.55,13,665.414582
-31.35,4,665.491428
18024.0,14,665.762613
-331.35,10,665.961081
17688.2,16,666.258715
18248.4,7,666.407443
18152.7,10,666.580792
17860.5,16,666.875139
-188.5,5,666.95964
-181.35,7,667.075896
18197.85,16,667.360758
-195.6,12,667.571836
18445.0,13,667.81011
18111.0,18,668.124831
-47.05,7,668.250422
-88.5,3,668.304233
-88.5,3,668.35334
-446.35,12,668.604872
11.5,1,668.623269
17966.5,15,668.902369
199.4,9,669.071115
11.5,1,669.089794
-81.35,5,669.189574
-585.9,17,669.480671
-188.5,5,669.576904
270.1,6,669.68957
17975.5,15,669.962724
18573.85,11,670.175027
350.4,6,670.290426
107.4,11,670.497235
18311.0,15,670.768783
18595.0,13,671.016069
-238.5,6,671.115396
17789.0,27,671.603021
18561.55,5,671.703308
11.5,1,671.722543
18056.55,18,672.062212
11.5,1,672.079983
-138.5,4,672.152058
18191.0,20,672.52794
18443.0,12,672.765969
18032.5,16,673.0901
237.95,6,673.215979
-38.5,2,673.252585
11.5,1,673.274205
-553.5,12,673.51511
-88.5,3,673.577896
18092.5,17,673.903864
17249.0,41,674.670134
11.5,1,674.689738
18485.0,13,674.944614
18006.55,17,675.262967
17638.0,36,675.975309
18144.85,17,676.299037
-338.5,8,676.428163
-38.5,2,676.460839
18728.85,10,676.645227
-138.5,4,676.711452
18209.85,18,677.024938
-338.5,8,677.155615
-338.5,8,677.286728
18904.7,7,677.427375
11.5,1,677.445841
-396.35,11,677.632748
-38.5,2,677.66787
-138.5,4,677.73119
18134.35,19,678.083797
-88.5,3,678.134974
18208.0,24,678.572413
18152.5,17,678.874193
18196.55,15,679.141312
11.5,1,679.159675
-88.5,3,679.223166
18624.0,14,679.508305
18263.85,22,679.937024
18697.5,17,680.249931
-88.5,3,680.301551
18614.4,8,680.454892
18268.85,22,680.85568
18093.85,24,681.287342
-48.5,4,681.361351
-88.5,3,681.42294
11.5,1,681.44334
357.1,4,681.533183
18039.7,20,681.91437
-656.55,16,682.194008
17738.0,36,682.862175
11.5,1,682.880225
18.65,3,682.936864
18750.7,9,683.104851
18568.55,13,683.337184
18505.0,21,683.706343
-38.5,2,683.738456
-88.5,3,683.791993
17410.85,40,684.481703
18839.7,11,684.675841
11.5,1,684.69707
-338.5,8,684.826955
19148.5,12,685.041955
17913.35,24,685.447904
18775.0,13,685.692766
18491.0,16,685.985778
11.5,1,686.003312
18997.0,12,686.228904
18851.7,14,686.484128
-188.5,5,686.570856
-438.5,10,686.743257
-38.5,2,686.781209
18359.5,17,687.087104
18417.5,17,687.419993
18894.0,16,687.731963
11.5,1,687.752057
-238.5,6,687.870057
18247.9,16,688.195892
-138.5,4,688.29418
248.95,6,688.444963
19154.85,11,688.667459
18410.5,16,688.971339
25.95,5,689.067634
18575.5,16,689.381912
-38.5,2,689.419231
-188.5,5,689.509794
19101.7,9,689.683053
-383.05,13,689.913699
51.5,2,689.961425
-38.5,2,689.997233
18473.05,15,690.374278
-38.5,2,690.408755
-38.5,2,690.446028
-38.5,2,690.479593
19197.7,9,690.650955
-38.5,2,690.68467
18227.5,21,691.066014
18515.85,27,694.871349
11.5,1,694.895661
-88.5,3,694.952901
-88.5,3,695.012735
18908.5,21,695.435774
18890.0,16,695.731051
11.5,1,695.749662
-88.5,3,695.806098
18182.0,33,696.426536
18864.55,16,696.741489
18588.85,26,697.293505
18640.5,17,697.645819
18611.5,16,697.95709
18933.55,18,698.313669
-144.9,14,698.567091
-388.5,9,698.727864
18592.35,18,699.068709
-38.5,2,699.104976
-38.5,2,699.143269
18718.5,17,699.463644
18585.55,17,699.77126
-38.5,2,699.807103
-70.05,7,699.938653
-288.5,7,700.082446
11.5,1,700.103004
11.5,1,700.12278
18051.9,27,700.676617
19294.0,7,700.824167
-348.5,10,701.041536
18764.0,25,701.600001
18758.35,16,701.940414
-138.5,4,702.023237
18290.9,25,702.549757
18792.5,18,702.940239
-88.5,3,703.004295
-38.5,2,703.042184
-88.5,3,703.113621
18758.5,15,703.426948
19171.0,17,703.795048
19149.0,16,704.082107
-38.5,2,704.118104
18849.5,16,704.428298
68.65,2,704.465648
19088.55,16,704.748162
18911.35,26,705.207886
18823.5,30,705.735319
-238.5,6,705.833997
-88.5,3,705.885951
-139.9,14,706.123591
-238.5,6,706.223551
11.5,1,706.241197
-38.5,2,706.274486
-704.55,17,706.557308
-81.35,5,706.643607
11.5,1,706.661011
19294.0,16,706.94562
-138.5,4,707.013372
19046.0,17,707.312736
-852.85,18,707.61819
19674.0,9,707.79162
-387.1,15,708.068653
19805.0,7,708.208378
139.95,3,708.270767
19235.85,17,708.598725
-188.5,5,708.684652
-88.5,3,708.734799
-38.5,2,708.769577
-138.5,4,708.83913
19115.4,12,709.052635
-38.5,2,709.092119
18897.9,15,709.381238
-88.5,3,709.437002
19326.0,19,709.803487
11.5,1,709.82456
18597.05,22,710.223175
1.5,3,710.282609
19550.0,9,710.461575
17500.35,61,711.64342
18650.85,28,712.173823
19280.0,16,712.486384
19496.85,10,712.692902
19047.0,21,713.121491
19102.5,16,713.516442
-388.5,9,713.692298
19014.35,20,714.105452
19597.55,6,714.23332
19597.0,16,714.552093
19726.0,10,714.765051
19130.5,18,715.12647
18825.5,22,715.527431
-88.5,3,715.580586
19117.5,17,715.897961
-38.5,2,715.932285
-288.5,7,716.046966
19283.5,15,716.319804
19460.55,14,716.570111
19164.5,17,716.876614
-288.5,7,716.99336
19334.0,21,717.364952
19021.35,20,717.720428
18860.5,25,718.167568
11.5,1,718.185948
-38.5,2,718.220476
11.5,1,718.242227
19116.5,20,718.601915
19458.0,21,718.987512
-388.5,9,719.139587
18.65,3,719.199106
19181.35,18,719.583793
-138.5,4,719.654262
-38.5,2,719.688936
16.95,11,719.893138
19229.5,20,720.263402
19899.4,10,720.461109
19244.0,26,720.964519
-339.25,15,721.269455
19150.5,21,721.705101
-422.1,16,722.064992
18.65,3,722.121964
-852.85,18,722.486016
19735.7,15,722.835154
-38.5,2,722.872055
1.5,3,722.937988
-38.5,2,722.979847
20215.5,11,723.200848
-88.5,3,723.269285
-338.5,8,723.436967
-81.35,5,723.545105
-231.35,8,723.703596
19920.0,13,723.97207
18430.0,44,724.741829
-88.5,3,724.793268
19409.5,15,725.053256
15335.5,101,726.710104
68.65,2,726.747213
-138.5,4,726.812586
19518.35,15,727.078476
20042.0,11,727.273401
19541.35,15,727.545779
19852.5,21,727.936037
19793.55,17,728.236066
11.5,1,728.282777
-438.5,10,728.455935
11.5,1,728.474481
-379.05,13,728.712756
19875.0,17,729.034091
-38.5,2,729.078288
20320.2,9,729.263619
-188.5,5,729.369666
19760.0,14,729.668062
19887.7,13,729.920902
11.5,1,729.941078
20353.0,10,730.164338
20174.55,10,730.381728
19879.85,14,730.676414
19404.0,24,731.19136
20276.55,9,731.371635
19561.9,15,731.651411
19545.7,17,731.958571
-38.5,2,731.995935
-138.5,4,732.066362
19641.5,15,732.343881
-88.5,3,732.397897
20286.55,9,732.573917
19922.4,10,732.753443
19622.85,18,733.083597
19653.5,18,733.4637
-188.5,5,733.560122
-38.5,2,736.473644
-88.5,3,736.529078
-38.5,2,736.568952
19646.5,15,736.863999
19863.85,21,737.272131
19829.0,17,737.608077
19946.0,15,737.919886
20026.55,16,738.243329
20017.4,15,738.553943
19788.5,16,738.889282
11.5,1,738.911568
-331.05,12,739.139906
-138.5,4,739.221964
-88.5,3,739.280071
19631.0,22,739.722226
-798.5,16,740.03715
-188.5,5,740.142431
19667.5,18,740.50427
-586.4,16,740.824848
20474.7,7,740.976062
-338.5,8,741.129344
19044.5,44,742.008918
11.5,1,742.032183
18.65,3,742.101093
20200.0,13,742.370242
-138.5,4,742.449377
11.5,1,742.475418
11.5,1,742.497907
-224.05,10,742.699834
-31.35,4,742.783845
19335.05,24,743.258304
11.5,1,743.279922
19799.55,18,743.711915
20084.0,15,744.025577
119.4,7,744.185435
19793.5,20,744.607288
-238.5,6,744.713467
19912.0,18,745.052742
19642.85,29,745.590186
20272.0,14,745.858453
19998.5,16,746.159575
-625.7,15,746.466222
-331.35,10,746.659298
20215.0,18,747.034552
20463.0,14,747.33269
-348.5,10,747.522377
-88.5,3,747.57944
20220.85,17,747.924205
19662.5,35,748.628783
-38.5,2,748.672269
11.5,1,748.690292
-579.4,15,748.994066
20295.55,13,749.271186
20622.0,11,749.503487
-38.5,2,749.539499
20501.0,12,749.800482
19987.5,16,750.125014
-138.5,4,750.199944
19991.5,19,750.585707
-188.5,5,750.683195
-770.0,16,750.983207
20064.5,17,751.331482
20142.5,15,751.634867
11.5,1,751.653747
19610.0,34,752.335306
19941.05,15,752.620347
-38.5,2,752.659723
19105.05,34,753.337636
-38.5,2,753.377933
-603.5,13,753.682767
-138.5,4,753.760562
20075.0,18,754.123305
20232.5,16,754.454687
310.1,5,754.591811
11.5,1,754.611175
414.1,3,754.670721
19968.5,18,755.034506
-174.05,9,755.208515
20395.0,15,755.532462
-238.5,6,755.64985
20246.0,22,756.105073
20150.5,19,756.497094
20693.0,16,756.826299
-81.35,5,756.929719
-388.5,9,757.110819
20823.0,10,757.322294
20343.0,20,757.719537
-181.35,7,757.926917
424.1,5,758.033038
-952.85,20,758.420119
-191.05,10,758.623122
-38.5,2,758.659837
68.65,2,758.699039
11.5,1,758.720092
-288.5,7,758.85442
20420.85,19,759.231608
20375.5,15,759.547505
20849.85,12,759.783968
20389.0,17,760.119969
20294.5,16,760.442729
68.65,2,760.507673
20106.5,22,761.019317
20627.0,17,761.384577
-38.5,2,761.420852
20529.4,18,761.783735
-88.5,3,761.839772
20434.35,16,762.160297
18.65,3,762.218622
21042.0,12,762.469824
-138.5,4,762.543996
20839.0,11,762.768087
-138.5,4,762.843525
-88.5,3,762.899346
20100.5,21,763.314934
20628.85,18,763.674093
-38.5,2,763.712953
20698.0,15,764.01375
20725.55,10,764.209231
21375.0,6,764.345227
-138.5,4,764.417916
11.5,1,764.442146
20278.35,17,764.778719
20977.55,10,764.974319
20735.0,18,765.341202
20692.0,15,765.64199
169.1,8,765.804866
20688.5,27,766.352155
-388.5,9,766.540511
-38.5,2,766.578591
-39.2,6,766.699513
21211.5,15,767.00393
11.5,1,767.022079
20470.5,30,767.739506
-238.5,6,767.864251
20616.5,15,768.146304
11.5,1,768.166181
-88.5,3,768.221916
20415.05,15,768.491136
20475.5,16,768.813995
-38.5,2,768.850129
11.5,1,768.868185
-88.5,3,768.926356
21064.0,16,769.256301
20441.05,15,769.536568
21125.55,5,769.658475
20831.0,19,770.047765
11.5,1,770.070243
21087.55,10,770.28914
20361.0,30,770.924273
19988.0,32,771.551815
-38.5,2,771.589542
1.5,3,771.649002
-188.5,5,771.748661
-88.5,3,771.810058
-138.5,4,771.887017
-88.5,3,771.94823
21444.85,8,772.111808
20721.5,16,772.454738
21210.0,8,772.607821
20621.35,15,772.925374
11.5,1,772.950869
21347.0,13,773.239249
20768.85,18,773.611356
20691.5,15,773.915768
20699.2,15,774.217576
-603.5,13,774.47886
-38.5,2,774.51909
11.5,1,774.540226
-38.5,2,774.578381
-38.5,2,774.619796
350.4,6,774.748664
20917.0,19,775.145473
20764.0,23,775.631224
-38.5,2,775.702739
213.1,7,775.841311
19423.85,48,776.781538
-38.5,2,776.826601
21315.7,10,777.032562
-604.55,15,777.326109
-138.5,4,777.39951
19071.85,55,781.859172
-38.5,2,781.896285
19237.85,51,782.838274
21430.0,11,783.05978
122.1,9,783.236465
21239.0,18,783.594158
18426.0,72,784.994977
21328.0,10,785.193927
21236.0,19,785.590508
21290.0,15,785.895453
11.5,1,785.919885
-138.5,4,786.05452
21547.7,8,786.226648
21020.55,15,786.563129
21388.0,14,786.872062
21519.85,14,787.180923
11.5,1,787.19979
-38.5,2,787.236322
238.25,8,787.39759
20726.5,34,788.048978
11.5,1,788.070912
21693.55,8,788.242654
11.5,1,788.260934
11.5,1,788.279997
-570.4,15,788.620566
11.5,1,788.643286
18.65,3,788.709531
20858.0,23,789.184102
-198.5,7,789.33638
21235.0,18,789.725015
-38.5,2,789.769867
21073.5,17,790.134208
20951.5,18,790.493145
-38.5,2,790.529063
-134.9,9,790.713402
21280.55,11,790.927773
20418.0,37,791.687579
-31.35,4,791.781024
20693.2,21,792.212674
20865.0,26,792.754684
-138.5,4,792.827771
20275.0,41,793.696114
-188.5,5,793.802266
21198.5,16,794.153337
21507.7,10,794.380186
-188.5,5,794.475734
11.5,1,794.499403
-396.35,11,794.719555
-88.5,3,794.785657
21298.55,19,795.193852
-238.5,6,795.331971
-31.35,4,795.42112
-23.9,7,795.561682
21589.55,7,795.698982
-38.5,2,795.739645
-38.5,2,795.782815
11.5,1,795.805572
21369.9,24,796.308082
21155.5,15,796.614827
-281.35,9,796.788224
21193.35,18,797.164896
20943.05,19,797.575994
21047.2,16,797.907184
102.1,9,798.071606
11.5,1,798.089838
20990.35,20,798.451133
-684.55,17,798.741436
-38.5,2,798.775285
21164.5,19,799.121427
21283.5,16,799.422696
-188.5,5,799.503194
21846.7,5,799.600701
21460.5,15,799.885065
21281.5,15,800.188175
-88.5,3,800.237598
21057.5,19,800.577854
11.5,1,800.596746
-238.5,6,800.698876
21632.85,19,801.050176
21817.55,6,801.16516
21139.5,21,801.539278
-388.5,9,801.691853
21777.0,10,801.881771
21561.55,18,802.216224
21979.7,4,802.297774
21500.55,13,802.526867
11.5,1,802.547223
21671.85,19,802.898618
11.5,1,802.916533
21097.5,23,803.335948
129.95,3,803.399595
-38.5,2,803.436015
21061.5,25,803.930304
-38.5,2,804.002649
21648.55,11,804.28056
20885.5,27,804.79876
361.4,6,804.91767
68.65,2,804.961582
21103.5,26,805.446326
11.5,1,805.467352
11.5,1,805.487276
21537.5,16,805.796406
-38.5,2,805.832527
21281.35,18,806.16373
-88.5,3,806.227992
11.5,1,806.248832
21490.35,16,806.597523
-38.5,2,806.647684
471.4,5,806.761811
21615.35,16,807.120472
21972.0,16,807.456101
21503.0,24,807.974509
-88.5,3,808.029927
11.5,1,808.068408
11.5,1,808.092409
-288.5,7,808.231924
21554.5,15,808.544151
-238.5,6,808.672749
-338.5,8,808.829273
-81.35,5,808.930539
21778.85,14,809.22078
21602.0,24,809.737129
21489.9,16,810.076221
-612.55,17,810.42605
-567.4,15,810.746502
20387.5,42,811.616242
21793.5,26,812.173968
11.5,1,812.20104
21502.0,24,812.696489
-448.1,15,813.005179
92.4,11,813.25388
21270.05,23,813.744475
21995.35,21,814.181157
21797.35,17,814.544939
21490.5,21,814.99936
22410.7,8,815.183084
-88.5,3,815.242848
21546.0,23,815.732375
22051.0,17,816.151875
21714.5,15,816.466978
21799.5,19,816.856201
21475.5,22,817.308179
21549.05,17,817.664298
-88.5,3,817.73867
21666.0,27,818.30441
21763.5,18,818.692985
22478.55,9,818.89077
-88.5,3,818.954281
-81.35,5,819.055545
11.5,1,819.07765
21904.5,15,819.425232
11.5,1,819.444815
22215.0,16,819.806
-87.2,7,819.95934
-88.5,3,820.020405
22454.0,13,820.282152
21443.5,27,820.844198
22145.0,19,821.260756
-238.5,6,821.378935
22233.7,11,821.629152
22264.85,18,822.023136
11.5,1,822.041823
-238.5,6,822.169718
21941.5,16,822.515523
-188.5,5,822.620393
-188.5,5,822.719887
-238.5,6,822.839431
26.1,6,822.979506
22268.85,14,823.291487
-81.35,5,823.401203
20513.85,53,827.803858
22237.0,18,828.199576
22359.0,16,828.516346
22057.5,15,828.813529
22689.7,7,828.9507
-438.5,10,829.135843
21365.05,27,829.653738
114.95,6,829.781987
-38.5,2,829.822744
-616.1,17,830.190601
22492.0,14,830.470564
22728.0,5,830.573741
22362.55,16,830.868157
-88.5,3,830.918642
18.65,3,830.975513
-38.5,2,831.009069
-188.5,5,831.094306
21917.05,15,831.358979
-38.5,2,831.402741
11.5,1,831.427076
-501.1,16,831.714388
-88.5,3,831.764174
22597.0,13,832.003579
21933.9,15,832.288464
22418.55,12,832.504331
-338.5,8,832.635811
-131.35,6,832.74194
11.5,1,832.759292
-238.5,6,832.857905
22826.85,10,833.054495
21892.4,19,833.379472
-493.1,15,833.679703
22171.5,17,833.982934
22074.35,15,834.250035
11.5,1,834.268268
22175.5,15,834.55075
22346.5,15,834.83243
22138.5,18,835.16792
-38.5,2,835.202637
11.5,1,835.225659
22534.0,14,835.497243
-81.35,5,835.590709
11.5,1,835.609363
22186.5,15,835.895367
22542.0,18,836.262569
21726.5,27,836.804172
22725.0,11,837.046506
-138.5,4,837.127167
-38.5,2,837.168215
22614.0,11,837.391507
22474.0,16,837.721269
119.8,10,837.939488
22153.0,26,838.464624
-31.35,4,838.542299
22918.85,12,838.791292
-429.1,16,839.122444
21496.0,40,839.923288
11.5,1,839.942196
-80.6,15,840.250753
22948.55,10,840.461098
22302.7,22,840.921487
22045.5,22,841.366541
-88.5,3,841.42712
23066.0,12,841.67227
21969.0,33,842.351022
22159.0,30,842.95747
11.5,1,842.979409
22479.5,15,843.286339
11.5,1,843.31128
22389.7,16,843.641039
23084.55,9,843.832617
11.5,1,843.851958
-503.5,11,844.067301
22360.0,26,844.6725
22426.35,17,845.016493
22503.0,20,845.421791
-88.5,3,845.480723
22394.85,22,845.929748
22667.7,13,846.155334
23327.0,10,846.354193
23069.0,14,846.603905
-14.05,6,846.75014
258.1,6,846.862342
213.4,9,847.02591
22228.0,32,847.593857
22153.5,27,848.074223
22893.0,18,848.4029
22485.5,21,848.770111
22495.0,26,849.224001
11.5,1,849.245072
11.5,1,849.263169
23125.7,8,849.412235
230.4,11,849.619674
23268.0,12,849.846554
22423.85,24,850.27651
107.4,11,850.482141
22807.5,15,850.767381
22979.4,16,851.075433
20545.5,72,852.418046
23530.55,6,852.594982
-388.5,9,852.797368
22681.05,15,853.082473
22807.5,15,853.355774
11.5,1,853.37378
2.4,15,853.643934
22527.7,23,854.046286
22716.5,20,854.402326
22966.5,15,854.682155
-138.5,4,854.752002
23332.85,11,854.957713
23089.55,10,855.14072
23196.0,11,855.35416
23064.0,19,855.708566
79.95,4,855.792392
-138.5,4,855.860636
-603.5,13,856.081614
11.5,1,856.103539
22152.0,33,856.702462
-198.5,7,856.832428
-88.5,3,856.885764
22958.35,15,857.213604
-38.5,2,857.261195
22941.5,15,857.563552
-503.5,11,857.784283
22845.5,18,858.122657
23262.0,13,858.366562
23502.85,10,858.560075
23026.0,23,858.987682
101.4,11,859.199851
23538.5,17,859.560082
157.1,9,859.739277
23234.7,15,860.045928
23747.7,6,860.17882
23530.85,11,860.409491
22840.0,20,860.809653
23514.7,6,860.936643
-232.9,11,861.161928
18.65,3,861.220633
-704.55,17,861.563207
22617.5,24,862.075149
-38.5,2,862.141326
23094.5,15,862.465285
23452.0,16,862.781897
23409.0,13,863.034996
-38.5,2,863.077439
23431.0,17,863.409882
-38.5,2,863.450128
-188.5,5,863.542009
23093.5,16,863.863728
-88.5,3,863.921494
22806.35,21,864.342936
23442.0,13,864.604608
23100.9,15,864.919266
23676.0,11,865.141336
23667.0,11,865.361336
23524.7,9,865.544824
-38.5,2,865.585598
23124.5,17,865.911165
23196.5,15,866.20324
23580.0,15,866.50291
23189.35,16,866.816907
11.5,1,866.837091
23468.55,16,870.273185
23590.7,10,870.470565
23314.0,22,870.939437
23121.2,15,871.225237
24007.5,11,871.441542
-88.5,3,871.496247
-138.5,4,871.571001
-38.5,2,871.606363
-38.5,2,871.645308
23071.0,24,872.096592
-188.5,5,872.189784
-38.5,2,872.237055
23207.35,15,872.524976
-438.5,10,872.76909
23606.0,13,873.061159
23653.0,16,873.420255
23353.5,15,873.713538
-238.5,6,873.824518
23795.0,10,874.029208
-38.5,2,874.070693
18.65,3,874.126848
23575.85,16,874.443501
23834.7,8,874.607901
22851.9,23,875.023535
23469.5,15,875.37368
11.5,1,875.400016
-88.5,3,875.478604
23750.85,14,875.761121
23555.7,16,876.055121
23858.0,13,876.303375
18.65,3,876.362797
23908.4,8,876.518392
23823.85,12,876.749649
23363.35,18,877.088172
23804.0,11,877.297767
-331.35,10,877.490442
23268.5,18,877.834496
-88.5,3,877.887376
-88.5,3,877.947661
-612.55,15,878.241183
23382.2,16,878.60363
23750.0,18,878.975069
11.5,1,878.993215
-288.5,7,879.108502
11.5,1,879.126415
-88.5,3,879.179862
11.5,1,879.197732
-231.35,8,879.370023
24209.5,14,879.627576
-0.75,13,879.856628
23407.35,18,880.174134
23516.5,17,880.483243
11.5,1,880.504668
24049.85,14,880.764886
-238.5,6,880.866114
24066.0,15,881.14649
-138.5,4,881.213089
23539.35,29,881.72559
23567.35,17,882.036028
23676.5,16,882.330353
11.5,1,882.348867
24193.0,10,882.567047
201.95,7,882.703202
23481.85,26,883.176136
23906.55,12,883.407888
24044.55,12,883.654008
23848.85,14,883.931462
24096.0,12,884.172634
23875.55,18,884.52117
11.5,1,884.539575
22446.0,46,885.404516
23505.5,18,885.747703
24437.85,7,885.888069
11.5,1,885.909069
23589.9,18,886.244404
-138.5,4,886.314929
23652.5,20,886.743092
24003.0,13,887.007014
23571.2,17,887.364062
24220.0,11,887.617245
-130.9,14,887.905791
-138.5,4,887.990838
10.4,8,888.157748
-720.0,15,888.452607
24344.0,12,888.703028
-181.35,7,888.837306
24042.0,15,889.143466
23889.35,15,889.452873
-38.5,2,889.489765
-388.5,9,889.666269
23431.35,25,890.1562
24428.85,10,890.352502
-88.5,3,890.416723
24054.7,12,890.663268
-88.5,3,890.726923
23755.35,18,891.09436
-88.5,3,891.163888
23739.5,19,891.560761
24517.2,13,891.829803
24309.0,10,892.029996
24377.0,9,892.215463
24182.0,19,892.630732
23932.5,15,892.930824
-118.05,8,893.089458
24378.0,17,893.4411
24412.7,12,893.692594
24104.55,19,894.073691
23642.0,27,894.649207
24430.5,20,895.059723
24103.5,16,895.399231
23792.0,31,896.050069
-38.5,2,896.099083
150.95,3,896.158713
24602.7,5,896.267534
-397.9,14,896.548447
24417.55,8,896.707599
-188.5,5,896.807922
24106.5,15,897.114026
11.5,1,897.135551
24303.0,21,897.610489
1.5,3,897.670265
24609.7,6,897.787245
24396.4,9,897.987253
24631.0,11,898.217866
11.5,1,898.238004
24455.0,11,898.466954
23574.5,25,898.950752
24114.5,17,899.280232
11.5,1,899.304786
11.5,1,899.327518
24142.55,23,899.79371
-38.5,2,899.837336
-338.5,8,899.996197
-31.35,4,900.077804
24089.5,17,900.476764
24491.85,15,900.808768
24680.85,15,901.176169
24383.5,15,901.511817
24126.5,16,901.853271
24185.5,15,902.182996
-138.5,4,902.268843
24088.05,16,902.643489
24859.7,8,902.824788
24181.5,15,903.163336
24209.5,18,903.59053
24606.85,15,903.940835
23634.0,32,904.55965
24458.5,15,904.87084
24240.0,22,905.331491
24836.0,11,905.584455
-38.5,2,905.633348
25067.2,10,905.881387
24212.5,18,906.240426
51.5,2,906.285884
23856.5,26,906.782995
24317.5,17,907.12106
-38.5,2,907.156431
24668.55,10,907.357102
24591.0,15,907.648362
24281.5,18,908.026478
24661.55,14,908.313753
24625.85,16,908.668606
24328.0,26,909.179411
-388.5,9,909.343391
-138.5,4,909.417333
24647.0,15,909.719876
-81.35,5,909.826649
25031.4,10,910.033198
24535.5,15,910.340233
24245.05,17,910.671238
-88.5,3,910.728617
-88.5,3,910.7837
11.5,1,910.803827
24284.05,17,911.137266
-188.5,5,911.237402
24315.5,19,914.740575
-156.75,16,915.058951
-312.05,12,915.289292
25059.55,9,915.45898
-31.35,4,915.536588
-38.5,2,915.578215
-253.6,13,915.856952
24570.5,15,916.157999
24652.5,15,916.469719
24581.5,15,916.764127
24511.5,17,917.098584
24463.05,16,917.446063
11.5,1,917.466549
24453.9,16,917.78254
-188.5,5,917.875814
24892.0,15,918.18195
24198.5,26,918.705323
25328.0,8,918.888209
25099.0,15,919.195483
24304.5,23,919.681111
24707.5,16,920.025259
24401.5,22,920.493717
25078.0,14,920.79234
24468.5,22,921.250701
25269.7,6,921.380757
-231.35,8,921.547051
24882.55,12,921.795554
-88.5,3,921.854692
24509.5,19,922.233745
24633.35,16,922.560424
24674.5,16,922.878699
23926.35,47,923.807745
24734.5,15,924.111183
25242.0,14,924.387607
24340.5,26,924.900834
-672.55,18,925.261468
-338.5,8,925.420209
25548.7,7,925.581327
25237.55,7,925.718691
24128.0,34,926.368361
24891.5,15,926.669331
11.5,1,926.688767
-188.5,5,926.780284
25468.0,12,927.036976
-238.5,6,927.145063
-396.35,11,927.354712
24674.35,19,927.760374
-131.35,6,927.876332
310.1,5,927.982841
-131.35,6,928.104876
-388.5,9,928.26972
-88.5,3,928.324648
-288.5,7,928.456039
25024.5,16,928.819102
24739.5,32,929.465831
11.5,1,929.489469
-238.5,6,929.6077
25025.5,15,929.914316
11.5,1,929.935562
25093.4,17,930.285294
25195.0,19,930.719155
25172.55,11,930.948847
-188.5,5,931.048857
25631.0,9,931.238557
229.4,4,931.33851
25367.55,8,931.503455
11.5,1,931.524188
192.4,11,931.765476
25759.0,7,931.91515
-612.55,15,932.20146
25036.35,15,932.490834
132.4,8,932.678639
25247.0,16,933.006584
-238.5,6,933.13708
25361.0,14,933.449535
24983.85,21,933.88842
-38.5,2,933.930189
25126.5,16,934.251337
-38.5,2,934.289716
203.4,9,934.465651
-38.5,2,934.506903
24894.0,28,935.087255
11.5,1,935.109823
-288.5,7,935.247961
24983.35,18,935.598407
-88.5,3,935.654639
-38.5,2,935.723966
23973.5,41,936.571306
25179.35,15,936.876516
11.5,1,936.896287
11.5,1,936.91656
25499.85,15,937.218383
25510.4,8,937.389121
25139.5,18,937.751274
11.5,1,937.769656
-48.75,11,937.990209
25697.0,11,938.217484
24907.5,21,938.60992
-34.6,14,938.895763
25033.5,18,939.25034
-88.5,3,939.305333
-38.5,2,939.352482
24886.5,21,939.779773
126.1,4,939.860106
25203.5,17,940.212477
25489.2,19,940.591849
25691.0,15,940.907468
-413.5,11,941.128584
-88.5,3,941.184127
25253.5,16,941.521051
25600.85,12,941.760432
25200.5,17,942.107208
11.5,1,942.125909
25304.5,18,942.521069
25791.7,7,942.676999
11.5,1,942.698959
-402.1,15,943.010493
51.5,2,943.049166
11.5,1,943.067865
25399.5,16,943.403579
25968.0,10,943.615982
-603.5,13,943.876529
-38.5,2,943.922996
25145.05,18,944.289639
416.1,3,944.357215
26098.0,11,944.589716
-660.55,16,944.896977
24245.0,48,945.858292
284.95,7,946.002457
25072.85,27,946.545226
-131.35,6,946.664341
25646.55,11,946.883286
-231.35,8,947.04783
25502.5,16,947.378709
-138.5,4,947.452592
-131.35,6,947.578752
25515.0,21,948.011164
26024.55,11,948.239336
11.5,1,948.258152
25130.85,29,948.823227
-545.1,16,949.141002
-81.35,5,949.236335
25442.05,16,949.55497
25478.5,18,949.911312
-31.35,4,949.98826
-31.35,4,950.069773
25022.55,24,950.574319
-38.5,2,950.617751
25677.0,21,951.050859
18.65,3,951.110555
375.25,5,951.21832
26240.0,11,951.441959
25767.85,18,951.809468
26064.0,11,952.037519
25117.5,26,952.553663
25339.05,19,952.965591
25586.35,18,953.339468
-388.5,9,953.514374
25658.0,23,953.973454
26167.0,8,954.147139
25635.5,19,954.570511
26067.85,12,954.828677
26214.0,9,955.016005
-181.35,7,955.157561
-553.5,12,955.390419
26327.05,14,955.675949
-38.5,2,955.714221
-38.5,2,955.752654
26217.0,13,956.018039
26167.0,15,956.337371
26339.0,12,959.676403
26348.7,8,959.845471
26367.0,10,960.048394
25848.0,24,960.519769
11.5,1,960.54298
25958.0,16,960.865276
-88.5,3,960.932728
-288.5,7,961.065654
-38.5,2,961.104389
26388.0,11,961.326452
26433.0,6,961.457613
-88.5,3,961.514206
14.4,13,961.768291
25626.5,21,962.216737
26649.0,8,962.400822
26129.7,16,962.730809
211.1,7,962.900074
-38.5,2,962.95412
26182.0,16,963.2781
25924.85,23,963.742114
26395.0,12,964.002599
25969.0,20,964.420297
26620.0,8,964.598511
11.5,1,964.616751
26457.7,10,964.821961
26442.0,14,965.1179
26548.55,10,965.326185
-88.5,3,965.382272
25976.5,16,965.694731
-288.5,7,965.836941
11.5,1,965.855428
-66.05,7,965.993966
26547.0,11,966.221142
-238.5,6,966.326227
-621.7,15,966.61905
26224.85,13,966.8799
-115.05,13,967.137601
26073.5,16,967.448033
26195.0,18,967.810834
-48.5,4,967.885732
26800.55,7,968.035222
26076.4,17,968.374717
26433.0,12,968.648941
26687.0,13,968.908911
26159.5,15,969.209202
26103.5,16,969.516644
25570.55,25,969.989563
-38.5,2,970.038022
26489.0,17,970.417207
26199.5,27,970.927422
-48.5,4,970.99948
26760.0,12,971.237122
11.5,1,971.255455
26604.0,15,971.543453
25473.0,33,972.164466
-31.35,4,972.258129
25630.5,30,972.91264
11.5,1,972.938451
26656.0,16,973.302022
11.5,1,973.326372
25986.2,19,973.769428
11.5,1,973.788405
-18.05,6,973.931504
11.5,1,973.957448
26867.0,8,974.137343
-682.4,17,974.512686
-138.5,4,974.608686
-148.5,6,974.73487
26254.0,17,975.098408
26724.0,12,975.358586
26135.5,18,975.740222
-12.05,6,975.86827
26273.5,17,976.251565
-38.5,2,976.29704
11.5,1,976.32963
25911.0,30,976.950783
26223.5,19,977.37171
26728.0,14,977.688318
26823.7,9,977.90066
26269.05,15,978.242936
-81.35,5,978.360504
-138.5,4,978.443262
11.5,1,978.466603
-88.5,3,978.525396
26092.5,24,979.051763
-88.5,3,979.118731
-168.6,13,979.385626
26856.0,9,979.608723
26498.35,15,979.943959
-88.5,3,980.009143
26131.35,19,980.414156
26829.55,10,980.635854
26415.5,17,981.002095
24844.0,53,982.148355
-681.7,16,982.48816
27134.55,8,982.677519
27016.55,5,982.786156
-288.5,7,982.952569
26927.5,17,983.311393
11.5,1,983.332921
26358.0,22,983.837665
26480.5,18,984.241745
26756.35,22,984.724511
-231.35,8,984.887626
27009.85,13,985.189135
-88.5,3,985.247171
26287.0,28,985.832733
309.4,7,985.997813
26768.0,19,986.412495
26762.85,21,986.880568
213.1,7,987.041762
26995.0,18,987.439337
26904.0,18,987.83982
26674.5,15,988.16833
11.5,1,988.186268
26401.2,17,988.527635
26935.0,14,988.842949
26798.5,15,989.155585
26807.85,19,989.542315
11.5,1,989.565533
11.5,1,989.592098
-181.35,7,989.725394
27132.0,15,990.067475
-288.5,7,990.192079
-288.5,7,990.322306
-238.5,6,990.431857
-519.05,15,990.718954
26702.5,17,991.063001
27071.0,15,991.356871
26508.35,22,991.802943
-802.85,17,992.160707
-31.35,4,992.243523
26572.35,20,992.66743
17.8,7,992.826323
27149.85,10,993.031687
27110.0,15,993.324052
-238.5,6,993.431364
-181.35,7,993.554963
11.5,1,993.573825
-181.35,7,993.703348
-38.5,2,993.741963
27138.0,13,993.98588
11.5,1,994.004068
27193.0,17,994.333417
26632.5,18,994.679312
26487.05,20,995.047687
26772.85,18,995.385684
11.5,1,995.405891
26628.5,22,995.830153
27222.0,15,996.118162
26977.5,15,996.429629
26977.5,16,996.801762
26636.0,25,997.353159
-31.35,4,997.428599
114.1,9,997.599817
290.95,7,997.737266
18.65,3,997.794909
-88.5,3,997.847526
11.5,1,997.866378
27418.85,15,998.16147
-188.5,5,998.252018
-138.5,4,998.324359
26981.35,15,998.620639
27244.0,16,998.921071
204.95,7,999.058481
-38.5,2,999.097975
26879.85,24,999.644458
27542.0,13,999.925555
-138.5,4,1000.001206
26909.35,17,1000.319607
389.1,5,1000.423164
18.65,3,1000.478624
27238.85,17,1000.805356
26560.5,24,1001.241845
27437.0,17,1001.575003
27008.35,15,1001.887634
11.5,1,1001.913624
31.95,5,1002.029147
27619.0,11,1005.570971
27386.35,19,1005.978969
-238.5,6,1006.080974
27638.0,11,1006.290454
11.5,1,1006.309012
-288.5,7,1006.427089
27152.5,15,1006.719959
-31.35,4,1006.796714
27108.5,16,1007.113053
27624.7,11,1007.326968
-777.7,18,1007.650711
-12.05,6,1007.789428
27062.85,28,1008.404655
-98.5,5,1008.507916
27431.55,10,1008.728848
27290.55,19,1009.153088
27193.7,15,1009.476732
-288.5,7,1009.628822
26755.2,33,1010.307594
27309.35,15,1010.65111
66.1,10,1010.873356
-188.5,5,1010.975262
27464.0,18,1011.392895
-98.5,5,1011.49472
27707.0,14,1011.79916
27176.5,17,1012.123816
-188.5,5,1012.215101
139.95,8,1012.366719
27573.0,18,1012.706374
27250.05,15,1012.987709
27566.0,15,1013.280039
27347.05,15,1013.598683
27250.0,21,1014.053327
27785.0,9,1014.266786
27530.7,18,1014.669491
27140.5,18,1015.035572
-38.5,2,1015.072972
27892.85,13,1015.342424
27547.4,11,1015.585852
28265.5,9,1015.765665
27295.5,19,1016.117881
11.5,1,1016.139359
27505.5,15,1016.434845
-579.4,15,1016.719864
-702.85,15,1017.029921
27416.5,17,1017.439387
28138.0,8,1017.616583
-138.5,4,1017.704712
28086.7,7,1017.866439
11.5,1,1017.88539
27932.0,12,1018.116176
27767.55,9,1018.289025
18.65,3,1018.351015
26764.5,31,1018.929013
-38.5,2,1018.969366
-38.5,2,1019.004472
27874.4,7,1019.147124
-68.05,7,1019.281326
11.5,1,1019.30176
11.5,1,1019.321698
11.5,1,1019.343135
11.5,1,1019.364681
28006.0,14,1019.635112
-38.5,2,1019.672332
68.65,2,1019.71839
27748.0,13,1020.015036
27832.55,15,1020.368785
-131.35,6,1020.507923
-338.5,8,1020.664909
27472.5,18,1021.018098
-38.5,2,1021.054984
27059.35,26,1021.549061
27997.7,7,1021.684158
27887.55,13,1021.935956
-47.9,12,1022.168436
-88.5,3,1022.221662
27621.5,16,1022.54744
-32.9,7,1022.714946
27961.55,8,1022.918809
27642.0,17,1023.303744
27841.0,15,1023.636682
-98.5,5,1023.733529
27616.5,16,1024.044177
27647.0,25,1024.52278
28013.0,14,1024.798009
27618.5,17,1025.125625
27761.5,17,1025.502517
27590.5,19,1025.919236
27581.05,16,1026.239316
27726.85,18,1026.580845
-288.5,7,1026.70294
27717.5,15,1026.996866
28025.0,16,1027.299206
-38.5,2,1027.333372
-38.5,2,1027.373808
-238.5,6,1027.482301
27671.05,15,1027.758135
-388.5,9,1027.945292
27499.5,22,1028.430009
28198.0,15,1028.745473
11.5,1,1028.764442
-802.85,17,1029.06551
-38.5,2,1029.102477
27254.85,34,1029.743994
27837.0,21,1030.138909
28337.0,9,1030.323094
28198.55,14,1030.607483
28180.0,15,1030.937553
28323.0,14,1031.24543
-38.5,2,1031.292211
23.1,6,1031.433065
28566.7,6,1031.586679
-88.5,3,1031.658652
27986.5,15,1031.987874
-666.55,16,1032.297238
28229.0,18,1032.636573
11.5,1,1032.657422
-88.5,3,1032.708482
398.4,5,1032.810699
27851.5,18,1033.147349
28431.4,11,1033.350489
28293.55,8,1033.503616
-38.5,2,1033.541656
27688.0,24,1033.982835
-188.5,5,1034.073198
28396.0,9,1034.261605
-88.5,3,1034.317922
-31.35,4,1034.393131
27532.5,26,1034.898105
-138.5,4,1034.978363
-188.5,5,1035.067505
-38.5,2,1035.110485
27985.7,16,1035.420047
11.5,1,1035.438565
11.5,1,1035.460386
-38.5,2,1035.498298
28070.0,23,1036.036144
28043.0,16,1036.344725
-88.5,3,1036.426205
-88.5,3,1036.475063
-88.5,3,1036.527169
28250.0,13,1036.772245
27911.5,18,1037.088547
27917.05,16,1037.361447
-38.5,2,1037.394747
-338.5,8,1037.521341
28026.7,21,1037.873078
28063.35,16,1038.168919
28596.0,11,1038.371287
27716.5,24,1038.792559
-38.5,2,1038.82598
27781.5,21,1039.214288
-38.5,2,1039.253033
28063.5,15,1039.527671
11.5,1,1039.54554
27832.5,21,1039.90621
11.5,1,1039.92442
26550.0,51,1040.784691
11.5,1,1040.802226
-138.5,4,1040.870303
11.5,1,1040.888033
-88.5,3,1040.936948
-138.5,4,1041.010191
338.95,6,1041.125547
28525.85,10,1041.308029
357.1,4,1041.387676
282.6,9,1041.554038
28191.35,16,1041.859549
-138.5,4,1041.927446
28203.5,15,1042.229564
28435.55,10,1042.469397
-331.35,10,1042.64259
28236.5,16,1042.936862
28361.0,16,1043.224613
28295.85,18,1043.56836
28633.0,12,1043.797846
18.65,3,1043.854018
28048.5,21,1044.239748
-388.5,9,1044.463086
28292.5,17,1044.81452
28927.0,9,1044.993494
-138.5,4,1045.064909
28843.0,13,1045.304454
28946.0,9,1045.478893
28968.0,11,1045.688404
28621.0,17,1046.00965
28422.85,22,1049.86584
28631.0,12,1050.094718
28396.85,24,1050.54566
-131.35,6,1050.656276
-38.5,2,1050.692167
28688.0,15,1050.979256
28737.85,15,1051.266536
28692.55,16,1051.566976
28249.05,17,1051.900331
-238.5,6,1052.019172
68.65,2,1052.066001
-88.5,3,1052.124733
28940.7,11,1052.354913
-138.5,4,1052.43437
-288.5,7,1052.572839
-416.1,15,1052.877891
-181.35,7,1053.0131
28912.0,16,1053.357884
28260.5,20,1053.751811
28883.7,8,1053.940038
-534.2,15,1054.233554
-188.5,5,1054.317474
11.5,1,1054.335333
28705.0,19,1054.673472
-188.5,5,1054.754072
-206.05,15,1055.012936
28397.55,16,1055.286745
28465.35,16,1055.566829
29288.0,11,1055.781765
28528.5,17,1056.084287
11.5,1,1056.101923
28702.0,19,1056.439008
28211.5,23,1056.838217
11.5,1,1056.871492
28590.5,16,1057.206572
357.1,4,1057.286179
28939.0,16,1057.584373
28370.0,25,1058.049136
29094.85,14,1058.316615
-88.5,3,1058.366918
-273.05,11,1058.567608
28711.0,18,1058.909106
29325.0,10,1059.10811
28959.7,10,1059.344257
28060.0,37,1060.038649
29225.0,13,1060.287257
-288.5,7,1060.407907
29128.0,15,1060.696837
312.25,8,1060.857724
11.5,1,1060.875664
28243.05,23,1061.29359
-496.35,13,1061.554327
29222.5,18,1061.956424
29117.85,14,1062.261863
28094.5,30,1062.920143
28999.85,17,1063.27977
29306.0,9,1063.463768
28775.5,17,1063.829057
-38.5,2,1063.866723
28950.85,17,1064.238662
28938.0,15,1064.522096
29186.7,9,1064.691591
29102.0,16,1065.008969
-38.5,2,1065.049785
28448.35,25,1065.514643
-38.5,2,1065.576352
29359.0,8,1065.752309
-238.5,6,1065.862198
68.95,5,1065.958321
-38.5,2,1065.996486
28701.05,15,1066.344613
28727.9,16,1066.690369
28759.05,16,1067.035848
-98.5,5,1067.138584
29033.0,19,1067.553371
28827.85,20,1067.971193
11.5,1,1067.994344
11.5,1,1068.015652
28813.0,22,1068.466929
246.95,6,1068.601887
11.5,1,1068.623743
28782.0,20,1069.045176
28671.05,17,1069.399814
29450.0,12,1069.664036
-503.5,11,1069.886431
28281.0,33,1070.571834
-2.6,13,1070.836302
29541.7,9,1071.028727
28791.0,29,1071.638268
28853.0,27,1072.212751
11.5,1,1072.23649
29147.0,18,1072.630354
25739.0,86,1074.401114
28802.5,22,1074.869757
-31.35,4,1074.95607
28820.35,20,1075.37223
-285.6,18,1075.767695
29547.0,10,1075.977659
-38.5,2,1076.014607
29429.0,16,1076.372757
11.5,1,1076.395233
29082.0,18,1076.757298
-38.5,2,1076.805881
18.65,3,1076.865086
29208.35,15,1077.188528
29469.0,11,1077.424512
29366.5,23,1077.917389
-288.9,17,1078.279358
11.5,1,1078.297677
28723.05,22,1078.790949
61.1,10,1078.993857
29558.0,14,1079.256016
29230.5,16,1079.564142
29178.5,16,1079.864593
29883.0,10,1080.062572
11.5,1,1080.082099
-88.5,3,1080.140427
29196.5,17,1080.466533
28874.5,21,1080.879153
29609.55,8,1081.037721
28805.9,22,1081.490945
174.4,5,1081.602722
-238.5,6,1081.707441
11.5,1,1081.725054
-88.5,3,1081.77721
29282.5,16,1082.057574
29325.35,17,1082.367742
29326.85,16,1082.650541
29707.0,14,1082.902305
29352.0,23,1083.300116
29304.35,16,1083.583004
29371.35,17,1083.885841
29841.55,6,1083.995774
11.5,1,1084.013226
-231.35,8,1084.1497
29453.35,16,1084.434043
29727.7,9,1084.594048
-388.5,9,1084.736902
-38.5,2,1084.772789
30041.7,7,1084.903729
29519.0,21,1085.268986
29538.0,20,1085.626409
11.5,1,1085.643819
29199.05,16,1085.934445
-88.5,3,1085.983012
-38.5,2,1086.021993
29274.2,15,1086.295244
29332.0,26,1086.775153
-331.35,10,1086.963514
29341.0,23,1087.386581
11.5,1,1087.404388
29405.5,15,1087.683233
129.95,3,1087.774487
29314.0,22,1088.221001
30013.0,10,1088.443541
30238.0,7,1088.597863
29429.05,15,1088.921946
-38.5,2,1088.974488
29221.05,19,1089.373292
11.5,1,1089.402036
-38.5,2,1089.457222
-496.35,13,1089.724182
30169.5,13,1089.967362
29535.5,17,1093.460245
-38.5,2,1093.505282
29046.5,27,1094.079895
58.8,4,1094.172203
29401.05,15,1094.498651
29614.55,17,1094.866567
30110.0,8,1095.040319
-84.9,8,1095.215236
26878.85,78,1096.838474
11.5,1,1096.857574
269.1,6,1096.987746
11.5,1,1097.010055
29567.0,23,1097.498979
-752.85,16,1097.841907
-238.5,6,1097.964779
30202.55,8,1098.12962
29523.05,16,1098.480779
-438.5,10,1098.715651
28530.35,40,1099.559046
-131.35,6,1099.681527
57.1,10,1099.885942
11.5,1,1099.90447
85.25,12,1100.166622
28043.0,53,1101.121845
30104.0,16,1101.412909
29949.0,20,1101.766023
30431.5,14,1102.019244
30073.7,9,1102.176765
29772.35,15,1102.443734
-214.05,10,1102.619338
-38.5,2,1102.653345
29452.5,23,1103.059288
29927.0,19,1103.392896
-88.5,3,1103.445979
28710.0,44,1104.18279
-188.5,5,1104.260653
11.5,1,1104.282011
30197.0,10,1104.45869
-138.5,4,1104.5265
29336.0,29,1105.044984
29771.5,17,1105.364828
-88.5,3,1105.419872
29579.5,22,1105.816867
29438.0,31,1106.39104
18.65,3,1106.45016
29873.5,16,1106.779069
-38.5,2,1106.817198
11.5,1,1106.844298
-81.35,5,1107.002507
30018.0,21,1107.379886
29874.5,18,1107.708186
-188.5,5,1107.787171
29943.5,15,1108.062552
30354.0,11,1108.265857
11.5,1,1108.283907
29785.2,16,1108.562756
-8.9,7,1108.68844
29653.5,21,1109.051866
29901.05,15,1109.323302
-188.5,5,1109.409621
11.5,1,1109.429404
30177.5,21,1109.813642
29526.5,28,1110.325465
-81.35,5,1110.418977
30334.0,13,1110.662528
30599.4,9,1110.84927
29946.5,15,1111.159658
30261.55,14,1111.441755
30196.0,16,1111.778266
29532.0,29,1112.346653
29833.5,21,1112.775935
30257.0,18,1113.13702
-38.5,2,1113.172762
30155.55,21,1113.605872
29828.5,33,1114.275558
-188.5,5,1114.372046
-88.5,3,1114.431387
30021.05,15,1114.738132
30014.85,21,1115.177205
30574.5,18,1115.503765
29911.35,18,1115.81552
30418.0,18,1116.146374
29806.0,30,1116.661927
73.1,10,1116.834538
-288.5,7,1116.947467
29925.0,29,1117.449356
29991.5,29,1117.940613
-31.35,4,1118.013325
-88.5,3,1118.062695
30543.0,13,1118.326737
30026.5,18,1118.63335
30083.0,28,1119.145741
30459.0,18,1119.516627
51.5,2,1119.559402
30752.0,12,1119.796774
11.5,1,1119.817038
30468.0,18,1120.153828
30977.7,7,1120.297709
11.5,1,1120.316252
236.25,8,1120.472766
-77.6,12,1120.71202
30331.5,15,1121.014081
-88.5,3,1121.0737
30588.85,15,1121.388957
30926.35,15,1121.681462
30415.4,13,1121.916066
11.5,1,1121.934668
-138.5,4,1122.006348
30799.55,6,1122.128827
-38.5,2,1122.168898
30607.4,16,1122.511018
-8.05,6,1122.621267
30242.5,18,1122.965095
30187.35,19,1123.366767
18.65,3,1123.446087
-88.5,3,1123.526544
-288.5,7,1123.670552
30906.0,14,1123.926983
30287.5,18,1124.236784
30482.5,15,1124.499909
11.5,1,1124.5178
-138.5,4,1124.585422
26255.85,104,1126.322465
30660.0,19,1126.668794
-31.35,4,1126.744626
-38.5,2,1126.779965
30883.0,13,1127.02354
30436.5,16,1127.321102
11.5,1,1127.347721
30647.85,14,1127.605799
30726.0,17,1127.917535
30674.85,17,1128.250833
-693.55,17,1128.565023
-338.5,8,1128.716535
-188.5,5,1128.806153
-138.5,4,1128.905925
-31.35,4,1128.991538
30819.35,22,1129.468668
-438.5,10,1129.645933
11.5,1,1129.674491
30471.5,17,1130.024961
-919.55,21,1130.418936
30950.0,14,1130.695899
366.1,4,1130.776784
30516.7,21,1131.170198
-88.5,3,1131.231432
29071.5,48,1132.23367
30525.5,15,1132.527368
-38.5,2,1132.564153
29834.0,41,1136.290595
30547.5,18,1136.615508
30036.85,30,1137.148245
-38.5,2,1137.186311
31231.0,12,1137.418197
30505.0,28,1137.934854
-438.5,10,1138.106517
-38.5,2,1138.144135
136.95,10,1138.354548
-88.5,3,1138.411689
-338.5,8,1138.56549
30955.0,15,1138.86205
-88.5,3,1138.922869
323.8,6,1139.057655
-138.5,4,1139.133385
30738.85,17,1139.485167
11.5,1,1139.503675
30442.0,30,1140.11928
11.5,1,1140.145239
30927.55,11,1140.360136
31281.85,10,1140.559963
-38.5,2,1140.601086
-126.9,9,1140.788621
30716.0,17,1141.154655
30939.0,14,1141.425246
11.5,1,1141.448349
30705.0,18,1141.803312
-31.35,4,1141.880226
31299.55,10,1142.086487
-138.5,4,1142.163223
30957.55,13,1142.414676
30736.5,16,1142.739489
30854.7,15,1143.063432
11.5,1,1143.081854
30823.35,15,1143.429722
31301.0,12,1143.686037
-138.5,4,1143.783481
30713.5,17,1144.147186
11.5,1,1144.166336
30817.05,16,1144.551641
-198.5,7,1144.718915
30491.85,30,1145.327093
11.5,1,1145.346094
-50.6,15,1145.643677
-138.5,4,1145.719473
31177.55,9,1145.897991
67.1,5,1145.99233
31401.85,14,1146.267572
-38.5,2,1146.304033
30646.5,23,1146.766919
31246.0,16,1147.090073
-188.5,5,1147.182122
31519.7,8,1147.348105
31457.0,14,1147.622537
30846.0,27,1148.156287
31361.35,18,1148.523855
-88.5,3,1148.575628
11.5,1,1148.596632
31186.0,15,1148.906603
31358.0,14,1149.172521
-28.9,7,1149.315341
-31.35,4,1149.398753
11.5,1,1149.423177
370.1,4,1149.49792
11.5,1,1149.516684
31806.0,6,1149.648306
31060.5,16,1149.961883
31085.5,16,1150.284879
30665.85,28,1150.887544
30837.0,25,1151.39503
31074.5,16,1151.727453
31415.0,13,1151.978808
31713.85,10,1152.182152
31289.85,16,1152.49256
31175.5,16,1152.803797
30815.5,21,1153.204267
31357.0,17,1153.555908
31633.85,12,1153.798071
-338.5,8,1153.962192
31963.7,4,1154.066289
31153.5,18,1154.447095
31373.0,21,1154.884219
11.5,1,1154.90193
30850.5,25,1155.410584
30618.5,29,1155.978282
11.5,1,1155.996148
30760.05,24,1156.486948
-38.5,2,1156.519127
11.5,1,1156.536035
31744.0,13,1156.772303
-88.5,3,1156.833784
-298.5,9,1156.980922
31659.0,12,1157.195385
31085.35,19,1157.519487
31606.0,19,1157.853139
31752.55,12,1158.069459
29624.5,50,1158.878021
31233.35,15,1159.125065
31202.35,18,1159.432686
31597.7,13,1159.663659
-188.5,5,1159.744562
32027.0,8,1159.892021
31888.0,11,1160.081774
30409.5,37,1160.70206
31203.85,22,1161.104906
32153.7,5,1161.209388
31170.0,25,1161.66905
-62.6,10,1161.857692
30658.0,39,1162.516515
-86.6,15,1162.774428
31614.5,15,1163.049945
32111.0,11,1163.255771
31361.5,16,1163.534289
31606.5,24,1163.952907
-31.35,4,1164.021908
-188.5,5,1164.104992
-188.5,5,1164.188331
-138.5,4,1164.252094
-237.2,10,1164.427734
-288.5,7,1164.541602
30495.5,37,1165.176026
31738.0,15,1165.447378
-438.5,10,1165.613497
31574.55,14,1165.865694
31579.5,15,1166.143559
-70.05,7,1166.293041
-88.5,3,1166.352199
31113.05,22,1166.741262
112.4,11,1166.942551
32044.0,9,1167.115759
31719.0,16,1167.410989
30999.5,28,1167.976438
-608.55,15,1168.240524
31610.0,20,1168.6172
11.5,1,1168.639182
-138.5,4,1168.708294
11.5,1,1168.73088
31561.7,16,1169.022526
31922.0,18,1169.384274
-388.5,9,1169.540042
31555.05,15,1169.848456
11.5,1,1169.87234
31616.5,16,1170.208039
11.5,1,1170.229227
11.5,1,1170.251763
31531.5,16,1170.583851
-138.5,4,1170.660188
32013.55,10,1170.861391
31650.35,15,1171.18529
31629.5,17,1171.547262
-88.5,3,1171.601373
32136.0,15,1171.901838
31972.0,15,1172.213718
32063.0,12,1172.453404
31503.5,18,1172.866087
70.1,6,1173.025494
73.95,5,1173.133695
-48.5,4,1173.218088
43.4,14,1173.512294
32033.4,12,1173.749593
31597.05,15,1174.040769
31707.05,15,1174.344276
31990.5,21,1174.739665
31685.5,18,1175.096961
-138.5,4,1178.219248
50.95,7,1178.365939
31675.5,20,1178.768045
350.4,8,1178.937624
-338.5,8,1179.081758
-238.5,6,1179.20096
31881.5,16,1179.549193
31587.0,28,1180.115134
11.5,1,1180.137087
31876.5,17,1180.507101
-188.5,5,1180.601944
31697.05,17,1180.978954
-8.05,6,1181.113963
32255.0,17,1181.465665
31580.35,24,1182.00049
32176.0,16,1182.294846
270.4,5,1182.398088
-81.35,5,1182.490673
32292.85,18,1182.824149
32230.85,14,1183.095108
32037.4,16,1183.393099
31691.5,21,1183.778868
-38.5,2,1183.814195
31681.9,19,1184.148069
32543.7,5,1184.24444
32681.0,8,1184.410775
-188.5,5,1184.501049
-38.5,2,1184.534543
-195.6,12,1184.74288
-38.5,2,1184.776731
11.5,1,1184.794703
-188.5,5,1184.879699
32472.0,9,1185.044595
32009.35,17,1185.345923
31823.0,29,1185.858669
32200.7,18,1186.182245
-88.5,3,1186.233436
-38.5,2,1186.27137
-88.5,3,1186.320676
-48.5,4,1186.393271
68.65,2,1186.42949
32101.0,22,1186.838286
-88.5,3,1186.894732
32059.5,16,1187.183462
32377.0,17,1187.496935
-88.5,3,1187.549727
32377.0,15,1187.83442
31575.5,39,1188.603959
-481.1,15,1188.905648
11.5,1,1188.923738
32072.0,20,1189.33452
11.5,1,1189.356108
18.65,3,1189.42805
-138.5,4,1189.50489
-708.55,17,1189.846181
32478.0,16,1190.177894
31250.5,34,1190.875835
32070.2,15,1191.187886
31769.5,25,1191.695109
-88.5,3,1191.754758
32869.55,6,1191.876348
31830.0,34,1192.588275
32062.5,17,1192.925586
32841.4,9,1193.107852
32766.5,16,1193.444316
32023.05,16,1193.765839
32614.55,14,1194.060572
32428.5,15,1194.377309
32674.0,15,1194.694963
32354.5,16,1195.028313
-238.5,6,1195.159964
-138.5,4,1195.24187
32793.7,6,1195.362316
-616.55,15,1195.675733
32115.5,19,1196.064976
-288.5,7,1196.214301
32312.5,15,1196.54589
32192.5,21,1196.982038
11.5,1,1197.002029
-338.5,8,1197.168095
11.5,1,1197.191305
-138.5,4,1197.274419
11.5,1,1197.293033
32137.2,17,1197.665205
32449.5,15,1198.008675
32241.5,16,1198.337758
-331.35,10,1198.551626
-852.85,18,1198.937043
32472.0,22,1199.36198
32223.5,17,1199.673392
64.4,7,1199.806856
32743.55,14,1200.071348
32769.0,11,1200.283783
-388.5,9,1200.439713
32872.55,7,1200.580665
-373.1,17,1200.917036
32767.0,12,1201.154212
33094.55,9,1201.366474
11.5,1,1201.385007
-88.5,3,1201.440878
31963.0,34,1202.137727
11.5,1,1202.159524
-66.9,8,1202.333866
32935.85,10,1202.54517
32966.55,12,1202.820769
32298.5,20,1203.23701
32267.5,22,1203.700126
-696.4,17,1204.055896
32465.35,15,1204.355915
-88.5,3,1204.409798
32033.35,27,1204.977976
-88.5,3,1205.043829
32722.5,16,1205.368886
-218.6,12,1205.611829
11.5,1,1205.631853
459.45,5,1205.730495
-626.35,15,1206.022457
32096.5,24,1206.504898
32538.35,17,1206.843759
32972.0,17,1207.187198
32899.85,17,1207.588632
33473.0,7,1207.746352
32568.5,16,1208.133687
32564.5,20,1208.547636
-138.5,4,1208.62976
33032.0,15,1208.925166
-338.5,8,1209.092195
11.5,1,1209.112434
33135.0,14,1209.403685
32494.5,21,1209.817762
32365.0,26,1210.342755
32937.4,17,1210.683582
31879.5,35,1211.370862
33521.0,6,1211.493805
32557.5,21,1211.924697
33237.55,6,1212.05
32829.0,19,1212.423635
31486.0,48,1213.383481
33218.85,15,1213.709006
32955.0,21,1214.16252
33225.85,17,1214.524774
32872.5,15,1214.827094
32919.85,21,1215.282771
33063.0,18,1215.645262
32970.55,13,1215.900098
-38.5,2,1215.944688
-473.75,16,1216.263161
33641.55,5,1216.36658
-88.5,3,1216.419333
367.1,4,1216.503835
32992.35,15,1216.814415
-288.5,7,1216.942577
33068.5,15,1217.26116
31453.35,58,1218.433536
-496.35,13,1218.683055
33129.0,14,1218.960768
222.1,7,1219.103703
-38.5,2,1219.140829
-88.5,3,1219.204412
32897.35,17,1219.567169
-60.05,7,1222.714327
33446.7,11,1222.930682
33510.0,12,1223.177862
33514.0,15,1223.497511
32967.5,17,1223.851592
33683.7,7,1224.001587
11.1,7,1224.144932
33435.7,15,1224.455427
-38.5,2,1224.490435
32798.5,19,1224.875037
-88.5,3,1224.929856
33503.0,15,1225.244627
-820.0,17,1225.574594
32464.35,26,1226.086057
252.1,6,1226.214574
24.95,12,1226.465498
33381.0,14,1226.782384
32778.5,24,1227.276746
32257.85,38,1228.124377
33445.0,17,1228.430599
33249.0,22,1228.832206
32844.5,24,1229.263834
33241.5,15,1229.557071
33696.0,12,1229.774555
30761.0,70,1230.950913
-288.5,7,1231.067001
-138.5,4,1231.132219
-38.5,2,1231.166513
33004.5,21,1231.545418
33098.0,27,1232.019502
33206.35,16,1232.299526
-174.05,9,1232.480672
33802.7,7,1232.632366
33285.5,16,1232.925329
33589.0,12,1233.152075
33802.0,12,1233.370366
-281.35,9,1233.525793
33968.0,11,1233.730403
-38.5,2,1233.763536
33267.5,19,1234.115217
11.5,1,1234.133192
33430.5,15,1234.417024
33709.0,17,1234.743776
-88.5,3,1234.799482
-546.35,14,1235.057986
33660.55,12,1235.301551
33439.5,15,1235.597769
33001.0,30,1236.192785
302.4,9,1236.37585
-88.5,3,1236.428909
33979.0,15,1236.74363
33708.7,11,1236.959308
33686.7,15,1237.261662
11.5,1,1237.279921
33196.5,21,1237.696292
31606.0,57,1238.806518
33428.35,19,1239.195518
33232.5,22,1239.614631
-38.5,2,1239.65855
-88.5,3,1239.720036
-38.5,2,1239.759157
33999.0,13,1240.016454
34085.35,14,1240.286695
34120.85,6,1240.418117
33437.0,20,1240.813946
33905.0,16,1241.126485
34300.0,9,1241.312267
33012.5,28,1241.857759
34213.0,11,1242.072382
273.1,6,1242.19522
11.5,1,1242.216336
-38.5,2,1242.248695
33536.5,19,1242.624663
33780.7,15,1242.91248
-524.7,16,1243.208627
-51.6,14,1243.475334
33697.0,16,1243.782214
11.5,1,1243.799946
-500.55,15,1244.085239
33570.2,15,1244.384031
125.8,5,1244.489083
33870.0,16,1244.809631
33774.55,15,1245.1121
-603.5,13,1245.353905
34013.85,17,1245.702535
33680.05,15,1245.993893
-791.35,18,1246.341784
-38.5,2,1246.378585
-38.5,2,1246.418706
33524.2,16,1246.723384
-38.5,2,1246.75965
33558.0,25,1247.255378
-331.35,10,1247.449732
33620.5,18,1247.798166
11.5,1,1247.832732
33721.35,17,1248.17148
-38.5,2,1248.209944
34338.85,6,1248.336706
33681.5,19,1248.708126
34302.85,11,1248.930613
-388.5,9,1249.100148
32694.0,42,1249.919251
34126.0,17,1250.274719
32645.0,44,1251.131212
33238.5,30,1251.722453
60.8,4,1251.79956
34544.0,12,1252.062861
11.5,1,1252.08072
33794.35,16,1252.393161
33869.5,15,1252.707565
34462.85,10,1252.908721
-38.5,2,1252.956404
-651.25,18,1253.304772
34050.0,20,1253.712064
33943.5,15,1254.00393
-553.5,12,1254.23948
33966.0,16,1254.582024
34055.0,19,1254.956203
34325.85,14,1255.23161
11.5,1,1255.249562
33507.5,26,1255.778269
28.95,12,1256.011324
-38.5,2,1256.058928
33977.5,17,1256.402995
-138.5,4,1256.471353
-105.05,10,1256.660727
-88.5,3,1256.716753
175.4,10,1256.911166
34054.5,15,1257.216132
11.5,1,1257.23674
11.5,1,1257.257559
11.5,1,1257.278409
33698.0,28,1257.842695
34574.85,11,1258.05556
34096.5,17,1258.427323
33973.0,19,1258.806053
34102.35,15,1259.090272
33691.5,23,1259.543783
-138.5,4,1259.622345
34549.0,11,1259.84434
33246.5,34,1260.473003
34893.7,5,1260.574526
34701.0,9,1260.749284
-785.4,19,1261.103812
-720.0,15,1261.383359
34188.5,18,1261.742239
-138.5,4,1261.818258
-503.1,15,1262.114903
-38.5,2,1262.149659
33250.0,41,1265.813589
34516.0,11,1266.027083
33858.5,25,1266.507432
-88.5,3,1266.563404
-16.9,7,1266.700596
-338.5,8,1266.859149
-88.5,3,1266.91813
34141.35,18,1267.267747
-188.5,5,1267.36212
34481.55,10,1267.560453
-148.5,6,1267.678338
34322.7,14,1267.973927
34723.55,10,1268.171411
34778.7,7,1268.32166
-84.9,8,1268.481192
-138.5,4,1268.558501
-288.5,7,1268.698556
34118.2,16,1269.061054
34215.5,18,1269.435038
34022.85,28,1269.9934
-38.5,2,1270.029453
-338.5,8,1270.170032
34388.55,21,1270.582054
33.95,5,1270.68021
11.5,1,1270.703551
34907.0,10,1270.901913
11.5,1,1270.921758
34133.5,19,1271.282136
34803.85,10,1271.49074
-60.05,7,1271.635222
34513.55,15,1271.952488
35146.55,4,1272.039623
-288.5,7,1272.169821
-68.05,7,1272.303672
34930.55,10,1272.513567
33730.5,31,1273.096508
33108.5,54,1274.124779
34516.5,16,1274.4286
34254.5,20,1274.814451
34368.5,15,1275.107263
34225.5,20,1275.485625
35097.0,6,1275.601531
11.5,1,1275.618974
33252.5,42,1276.405995
34577.35,16,1276.733201
11.5,1,1276.757089
34948.0,15,1277.047146
-88.5,3,1277.098545
35195.55,6,1277.226041
11.5,1,1277.243745
34550.5,15,1277.525658
34453.9,17,1277.855698
34907.55,15,1278.14359
34667.0,24,1278.614258
11.5,1,1278.632689
34463.0,21,1279.041119
34788.0,17,1279.372349
-138.5,4,1279.449495
11.5,1,1279.477338
35237.0,9,1279.661876
34538.5,16,1279.968903
34716.7,16,1280.290358
33673.5,34,1280.942065
34539.5,19,1281.315534
34681.35,15,1281.610779
-88.5,3,1281.679679
34873.0,16,1281.980571
258.1,6,1282.130428
34973.0,17,1282.460553
-338.5,8,1282.607365
-38.5,2,1282.65282
35220.5,18,1283.015015
-138.5,4,1283.092438
34228.85,31,1283.6816
11.5,1,1283.700109
34408.7,22,1284.120539
34631.85,19,1284.483457
34721.5,16,1284.794765
407.4,5,1284.894035
-906.35,20,1285.259787
34453.0,28,1285.80261
-654.55,16,1286.092124
35117.7,14,1286.361566
35045.7,13,1286.608839
11.5,1,1286.631234
32289.0,70,1287.954001
34770.5,17,1288.281867
-594.9,17,1288.612602
-88.5,3,1288.668982
34937.0,15,1288.977449
51.5,2,1289.019638
34817.0,20,1289.420967
34621.2,16,1289.734311
35393.0,11,1289.955054
35473.7,8,1290.112218
18.65,3,1290.172607
35163.0,16,1290.482785
123.1,4,1290.559396
34433.05,22,1290.992158
35363.0,14,1291.263902
34203.85,39,1292.018697
35470.0,11,1292.240619
-188.5,5,1292.337814
35551.7,8,1292.511799
34771.05,15,1292.804129
-88.5,3,1292.858641
-656.55,16,1293.173264
35795.0,5,1293.284026
35218.4,10,1293.48161
35077.5,16,1293.802655
-238.5,6,1293.910738
35362.5,18,1294.26959
39.95,5,1294.370059
260.1,6,1294.498674
34812.5,20,1294.893605
-38.5,2,1294.929031
35617.2,12,1295.182153
-138.5,4,1295.273744
35317.0,19,1295.65547
11.5,1,1295.673181
-238.5,6,1295.784105
34557.05,23,1296.225693
11.5,1,1296.249885
-88.5,3,1296.311955
11.5,1,1296.330323
34970.2,16,1296.653219
-401.1,15,1296.956467
-38.5,2,1296.99802
34428.5,30,1297.601912
34753.05,20,1297.995
35589.7,10,1298.211528
35655.0,7,1298.358684
35401.0,14,1298.648143
35211.0,22,1299.095244
35532.7,8,1299.257748
11.5,1,1299.279106
34952.5,19,1299.662279
-702.55,17,1299.992669
35508.0,15,1300.291774
35278.0,19,1300.669916
35575.0,15,1300.983493
-288.5,7,1301.107955
-88.5,3,1301.17135
35644.0,13,1301.417143
35368.85,15,1301.714394
-138.5,4,1301.790426
35170.5,19,1302.161735
-38.5,2,1302.202831
34763.0,26,1302.711331
-438.5,10,1302.906642
-88.5,3,1302.96814
11.5,1,1302.988932
35520.0,12,1303.227966
160.1,8,1303.410684
35266.5,15,1303.709105
35139.5,16,1304.015446
35964.0,8,1304.173043
-188.5,5,1304.264518
34911.35,21,1304.653956
35192.5,18,1305.018931
34535.5,33,1305.639529
35241.35,17,1308.858834
34989.9,18,1309.205556
36111.85,6,1309.325587
35283.5,15,1309.623222
-38.5,2,1309.661916
35675.55,13,1309.922714
35416.0,16,1310.253731
35185.05,17,1310.600583
11.5,1,1310.619054
-188.5,5,1310.717506
35781.7,14,1310.999948
35811.55,14,1311.285183
-88.5,3,1311.342195
-38.5,2,1311.378816
35563.55,12,1311.622399
35387.5,16,1311.955884
-38.5,2,1311.995156
35200.5,20,1312.378496
35349.2,15,1312.686406
35380.5,15,1312.980288
35043.5,25,1313.479085
-38.5,2,1313.518876
35727.0,15,1313.82873
35535.35,15,1314.130354
152.4,10,1314.323
35431.0,21,1314.750276
35590.0,21,1315.144283
11.5,1,1315.165316
-388.5,9,1315.327752
35075.5,24,1315.793501
35109.5,25,1316.286702
35873.0,15,1316.572586
35946.7,8,1316.729039
-81.35,5,1316.832301
-31.35,4,1316.909056
-181.35,7,1317.048746
35795.0,18,1317.401784
35750.0,14,1317.693072
11.5,1,1317.717182
124.1,4,1317.801259
36298.0,11,1318.040606
35328.5,21,1318.444512
35609.5,16,1318.755981
68.65,2,1318.80225
36070.0,11,1319.027868
36144.7,9,1319.210978
-708.55,17,1319.544601
-38.5,2,1319.589105
36209.0,13,1319.853352
36012.7,9,1320.022691
11.5,1,1320.043231
35517.5,20,1320.443666
36159.0,10,1320.642342
35129.35,28,1321.186845
-88.5,3,1321.246345
1.5,3,1321.3083
-138.5,4,1321.390733
36303.55,9,1321.570212
36276.0,13,1321.849866
35772.35,16,1322.179457
35565.05,15,1322.472825
-496.35,13,1322.721997
-625.7,15,1323.001568
11.5,1,1323.019365
-31.35,4,1323.100719
36358.2,15,1323.402063
-88.5,3,1323.460164
35712.5,15,1323.755685
-38.5,2,1323.798944
198.4,9,1323.982379
118.1,4,1324.057496
-88.5,3,1324.117005
36399.0,13,1324.403817
35708.35,17,1324.747725
35868.5,15,1325.048951
35709.5,18,1325.40987
-166.05,9,1325.587538
-38.5,2,1325.627619
33947.5,68,1326.949683
36548.0,8,1327.11072
36370.7,10,1327.319744
-704.55,17,1327.642956
18.65,3,1327.6987
87.95,4,1327.79086
35677.5,22,1328.274226
35623.0,22,1328.713646
-88.5,3,1328.769562
35937.55,16,1329.122051
35845.5,15,1329.434622
36433.4,11,1329.660401
29.1,6,1329.781923
36296.0,13,1330.048437
36463.7,10,1330.250768
35973.5,16,1330.563973
35981.5,17,1330.902041
36128.7,15,1331.209594
35794.5,18,1331.576257
-38.5,2,1331.617087
-88.05,8,1331.781754
11.5,1,1331.799297
36150.55,12,1332.038342
36757.0,7,1332.182883
-664.55,16,1332.500833
-27.9,12,1332.741294
11.5,1,1332.759813
35743.5,21,1333.190962
-88.5,3,1333.279264
35861.35,19,1333.653336
36656.0,12,1333.902169
36264.0,14,1334.198002
11.5,1,1334.218544
-88.5,3,1334.280862
-88.5,3,1334.338509
11.5,1,1334.362536
36042.5,19,1334.743546
-693.4,17,1335.083912
35992.5,16,1335.399702
25.95,5,1335.508384
36773.0,10,1335.712911
-562.1,16,1336.049307
36717.4,10,1336.251832
36294.55,14,1336.541216
36079.05,15,1336.833071
11.5,1,1336.856781
36539.0,15,1337.175735
36747.0,10,1337.381303
36742.0,11,1337.611083
35902.5,36,1338.303656
36565.0,17,1338.644822
36822.0,10,1338.840295
-31.35,4,1338.91089
36492.0,15,1339.218499
35702.5,28,1339.761179
36452.0,18,1340.119102
36242.35,16,1340.43818
36233.35,15,1340.740572
-373.1,15,1341.042696
-682.4,17,1341.369728
-38.5,2,1341.408782
33234.85,82,1342.977874
36268.5,20,1343.383975
-281.35,9,1343.547959
35721.0,33,1344.224566
36366.05,15,1344.534775
36211.5,17,1344.870907
36538.0,18,1345.224102
-188.5,5,1345.327185
37114.55,7,1345.480371
35990.0,25,1345.982567
36200.5,23,1346.444031
36559.35,15,1346.733989
-626.35,15,1347.040431
36493.35,15,1347.327235
36170.5,22,1347.773468
36377.55,16,1348.090052
36774.85,17,1348.441188
36376.85,25,1348.95155
36910.7,13,1349.213427
18.65,3,1349.268119
-388.5,9,1349.448453
36346.35,18,1352.871867
6.95,8,1353.036946
-38.5,2,1353.078363
37029.7,6,1353.197452
36403.05,16,1353.516286
36357.9,17,1353.865299
468.4,4,1353.96127
37306.5,13,1354.238276
36562.5,16,1354.57555
11.5,1,1354.596584
37102.4,12,1354.842003
11.5,1,1354.86003
36430.5,18,1355.222877
36935.55,9,1355.400424
16.1,11,1355.612395
36619.5,16,1355.920997
-604.55,15,1356.226341
36286.5,23,1356.695241
36654.5,16,1357.02305
36439.0,28,1357.577943
37135.0,15,1357.8949
61.1,6,1358.010599
36453.9,18,1358.383785
36785.5,15,1358.694209
37087.0,18,1359.071505
37020.0,16,1359.407634
37337.5,17,1359.790505
-599.55,15,1360.100728
36508.0,25,1360.612613
-238.5,6,1360.732243
36471.0,28,1361.288758
-88.5,3,1361.346479
37038.7,15,1361.62602
37205.0,16,1362.002908
11.5,1,1362.022628
37421.0,12,1362.311104
36651.5,19,1362.666035
36763.35,16,1362.961584
36933.5,15,1363.240455
-27.2,6,1363.355308
36535.5,32,1363.948855
-38.5,2,1363.982045
-566.25,16,1364.271531
36809.05,17,1364.606633
36815.85,21,1365.029264
36809.5,16,1365.355553
37219.55,9,1365.572337
-188.5,5,1365.668563
-191.9,15,1365.984989
36362.35,28,1366.575422
36638.9,20,1366.929574
37311.0,12,1367.148595
36999.5,16,1367.43211
37538.55,8,1367.580494
-88.5,3,1367.629112
37270.7,10,1367.806295
36641.0,30,1368.317519
-38.5,2,1368.351027
37549.7,9,1368.513921
36775.0,21,1368.875809
-338.5,8,1369.014331
37649.85,12,1369.246823
37385.7,9,1369.421012
-31.35,4,1369.492484
36975.5,16,1369.779631
37732.0,9,1369.965847
11.5,1,1369.983384
-305.9,12,1370.190358
36861.5,19,1370.538376
-138.5,4,1370.61617
-702.85,15,1370.884361
37519.0,15,1371.170608
36860.5,20,1371.533416
37681.55,6,1371.657151
36443.5,28,1372.160337
36818.0,30,1372.716351
37429.85,17,1373.110061
37537.85,10,1373.300788
11.5,1,1373.321074
37069.0,27,1373.818193
37152.05,15,1374.111877
36302.0,43,1374.889357
37448.55,13,1375.149624
37643.0,15,1375.455063
36826.5,36,1376.092955
37833.0,10,1376.274631
37440.0,14,1376.51954
36889.0,31,1377.048473
36722.0,37,1377.683174
36765.5,27,1378.151472
37162.35,19,1378.488436
37374.85,20,1378.83496
36912.5,22,1379.203807
37306.5,17,1379.512281
36392.0,42,1380.235908
37379.35,16,1380.533978
-88.5,3,1380.596079
-81.35,5,1380.688945
37311.05,15,1380.961368
11.5,1,1380.979177
11.5,1,1380.997004
37484.5,15,1381.284085
36854.35,28,1381.801562
11.5,1,1381.819776
37177.5,18,1382.143933
36787.35,28,1382.645842
37148.5,19,1382.984568
-438.5,10,1383.15766
38279.5,9,1383.340587
36801.35,29,1383.875029
36869.5,29,1384.419235
37803.85,15,1384.696774
37431.5,18,1385.042907
11.5,1,1385.060935
38163.55,6,1385.174381
-138.5,4,1385.246728
37103.5,23,1385.671609
-38.5,2,1385.711051
74.8,4,1385.789647
11.5,1,1385.810884
37983.0,11,1386.022373
148.95,5,1386.123251
37615.0,20,1386.494123
37492.5,19,1386.853581
-348.5,10,1387.025552
37653.5,15,1387.315391
11.5,1,1387.335378
-131.35,6,1387.455748
11.5,1,1387.479962
37685.5,15,1387.768259
-88.5,3,1387.826722
61.4,9,1388.004758
-38.5,2,1388.040374
-281.35,9,1388.200551
-383.05,13,1388.430031
37707.5,15,1388.704534
37942.0,16,1389.011473
11.5,1,1389.032365
38421.2,8,1389.187002
38117.0,12,1389.418157
36327.0,46,1390.244567
37892.4,10,1390.43636
37612.5,17,1390.757782
38071.0,16,1391.060763
37568.5,16,1391.348865
-181.35,7,1391.47718
15.4,9,1394.631606
37762.5,17,1394.954895
37954.55,13,1395.188405
37529.5,20,1395.577063
-181.35,7,1395.701533
-575.4,15,1395.983643
11.5,1,1396.007944
11.5,1,1396.028051
11.5,1,1396.047715
-88.5,3,1396.105185
26.1,6,1396.216468
37766.35,15,1396.572874
11.5,1,1396.597082
37657.5,17,1396.940317
-188.5,5,1397.037328
426.1,3,1397.10467
38158.85,16,1397.411613
38460.0,7,1397.553433
37693.0,26,1398.019225
-188.5,5,1398.11622
37774.5,15,1398.400323
21.1,6,1398.51598
37458.5,24,1398.963127
37687.85,21,1399.356901
38053.35,15,1399.661056
38326.4,6,1399.77644
37903.5,16,1400.072963
37777.05,16,1400.370778
-640.4,16,1400.66879
361.1,4,1400.74796
38568.85,10,1400.946367
-88.5,3,1401.001173
37864.5,15,1401.274102
38540.0,8,1401.436532
11.5,1,1401.459674
37875.35,15,1401.739758
-31.35,4,1401.815135
-220.05,10,1401.994666
-81.35,5,1402.089074
11.5,1,1402.106992
38357.0,14,1402.37924
38028.5,16,1402.678502
38041.5,16,1402.992229
38261.0,16,1403.300598
38804.7,4,1403.383182
37318.5,32,1403.973533
37963.35,17,1404.292979
37879.05,15,1404.572107
37998.0,20,1404.946825
37369.5,31,1405.522312
-88.5,3,1405.58102
-438.5,10,1405.757731
38139.5,16,1406.081308
37665.05,22,1406.501181
-463.5,12,1406.709284
38196.55,13,1406.955755
37915.0,22,1407.358008
-177.2,9,1407.515687
-231.35,8,1407.656304
38093.35,16,1407.966745
137.95,3,1408.030556
91.95,4,1408.10956
-88.5,3,1408.164322
-88.5,3,1408.218501
37764.5,26,1408.700745
-338.5,8,1408.856575
38725.0,11,1409.0771
-438.5,10,1409.259634
38753.55,8,1409.517978
38804.0,9,1409.702345
38197.5,18,1410.025915
38417.0,15,1410.298649
-38.5,2,1410.339053
-38.5,2,1410.373047
-870.0,18,1410.669035
-38.5,2,1410.706597
38558.4,8,1410.852082
38930.0,9,1411.030925
38637.0,16,1411.31965
37913.5,21,1411.678998
38712.0,11,1411.885
38160.5,16,1412.163022
-702.85,15,1412.414379
11.5,1,1412.433795
11.5,1,1412.45262
38170.5,16,1412.734972
15.4,8,1412.884557
163.1,8,1413.027404
38170.0,28,1413.513338
38882.0,14,1413.777076
38381.85,17,1414.103459
38763.7,14,1414.369825
38512.55,12,1414.591052
39038.0,8,1414.755739
38837.85,12,1414.990015
11.5,1,1415.009626
11.5,1,1415.027607
38489.0,23,1415.475025
11.5,1,1415.50169
11.5,1,1415.5268
38991.0,13,1415.834472
38560.5,15,1416.195723
38328.5,19,1416.583682
38727.0,12,1416.807255
38442.5,17,1417.1318
37670.9,30,1417.683285
38321.5,21,1418.081115
-238.5,6,1418.20709
11.5,1,1418.22952
38516.0,21,1418.67293
38425.5,15,1418.958404
11.5,1,1418.976498
38443.5,17,1419.303002
51.5,2,1419.346965
38507.5,15,1419.638239
-438.5,10,1419.829703
-31.2,6,1419.944824
81.95,9,1420.119207
321.8,6,1420.240786
-88.5,3,1420.296048
-188.5,5,1420.387023
-88.5,3,1420.440881
39041.85,11,1420.700011
38481.85,23,1421.181957
38160.5,22,1421.590868
38876.85,14,1421.856158
38370.0,28,1422.380168
38932.0,11,1422.59383
11.5,1,1422.613804
37797.0,35,1423.331082
38526.5,20,1423.715511
11.5,1,1423.735798
38296.5,24,1424.182507
181.1,4,1424.265776
38710.5,15,1424.556206
38499.05,15,1424.834333
-88.5,3,1424.894909
-88.5,3,1424.955135
39022.7,14,1425.228693
11.5,1,1425.250114
39189.7,7,1425.399828
-88.5,3,1425.463051
38896.0,17,1425.829528
39015.0,16,1426.149822
-38.5,2,1426.189318
38751.0,23,1426.634038
38702.35,16,1426.94206
-88.5,3,1426.993556
-88.5,3,1427.050605
39364.0,9,1427.225982
38121.35,30,1427.843231
38772.5,16,1428.190982
38243.35,25,1428.643944
38826.7,19,1429.003119
38532.5,22,1429.416778
39409.0,10,1429.610147
39056.55,16,1429.927077
38676.5,19,1430.374087
39635.0,8,1430.534109
366.1,4,1430.62135
11.5,1,1430.648569
264.1,6,1430.770975
39295.55,14,1431.038353
38902.5,15,1431.326581
38696.5,20,1431.697832
-12.05,6,1431.816024
-553.5,12,1432.02976
38873.5,15,1432.332
38599.5,22,1432.792694
38831.05,15,1433.083841
38784.9,17,1433.403712
38901.35,16,1433.717833
39199.0,20,1434.093253
-138.5,4,1437.348131
-64.9,8,1437.508468
39136.35,25,1438.049827
-88.5,3,1438.113941
39512.85,11,1438.329339
39247.0,17,1438.693283
-238.5,6,1438.821978
38800.0,21,1439.241825
39614.0,10,1439.471379
11.5,1,1439.489505
11.5,1,1439.507935
38551.55,27,1440.028421
11.5,1,1440.045888
39190.55,12,1440.286654
39040.35,16,1440.600925
39309.0,13,1440.844872
39008.0,20,1441.250587
11.5,1,1441.268435
39190.5,26,1441.779078
38838.5,21,1442.202229
11.5,1,1442.22459
-131.35,6,1442.33602
39051.5,15,1442.62034
11.5,1,1442.639063
68.65,2,1442.68798
-1202.85,25,1443.129547
39068.5,15,1443.474641
39531.0,17,1443.88516
38990.5,17,1444.238422
-821.7,19,1444.63309
11.5,1,1444.657755
38975.05,17,1444.994452
-38.5,2,1445.036565
39105.5,19,1445.453125
39130.5,17,1445.817708
-38.5,2,1445.862935
39543.0,13,1446.148771
39333.0,16,1446.510547
38989.5,19,1446.928999
-22.6,9,1447.117048
39472.0,13,1447.377661
-38.5,2,1447.412006
39704.0,16,1447.720542
400.4,5,1447.824844
39450.55,20,1448.20234
11.5,1,1448.225509
-338.5,8,1448.375935
422.1,3,1448.44731
39610.0,18,1448.822136
39287.85,23,1449.313895
-338.5,8,1449.478353
-231.35,8,1449.641609
39618.0,14,1449.950988
-181.35,7,1450.089334
39927.0,10,1450.311197
11.5,1,1450.33676
39178.35,18,1450.711427
39213.2,15,1451.02381
39470.0,22,1451.507467
39223.5,19,1451.902458
-38.5,2,1451.940489
-88.5,3,1451.998059
39566.55,18,1452.400073
-67.9,8,1452.544787
-181.35,7,1452.674685
39696.55,14,1452.926958
39656.0,19,1453.278752
50.25,7,1453.412218
-31.35,4,1453.487957
40076.5,16,1453.806219
39433.5,17,1454.146025
-88.5,3,1454.211526
39981.55,5,1454.311989
-338.5,8,1454.46706
-188.5,5,1454.566564
39478.5,16,1454.902401
-88.5,3,1454.958049
40208.0,9,1455.154424
-38.5,2,1455.196117
-188.5,5,1455.296482
39894.85,10,1455.505462
39441.35,18,1455.894184
68.65,2,1455.936324
11.5,1,1455.965001
-338.5,8,1456.116758
39447.0,21,1456.538969
40093.7,11,1456.757197
39473.05,15,1457.082317
40188.0,9,1457.271116
39804.0,16,1457.580141
40044.35,18,1457.936786
39627.5,15,1458.25216
39825.85,13,1458.518359
51.4,14,1458.808274
39296.5,23,1459.261096
62.1,5,1459.367219
39599.5,17,1459.7251
39475.0,27,1460.242797
11.5,1,1460.264273
40264.7,8,1460.428384
-88.5,3,1460.484737
39907.0,19,1460.864921
39910.85,16,1461.18076
39514.0,24,1461.637256
39493.5,22,1462.072854
11.5,1,1462.098449
39877.85,21,1462.501421
11.5,1,1462.525034
39816.55,20,1462.909606
102.95,4,1462.985211
-138.5,4,1463.061858
11.5,1,1463.079503
40265.0,12,1463.328435
-38.5,2,1463.365031
180.4,11,1463.598391
-188.5,5,1463.695873
39814.5,15,1463.991903
40055.0,20,1464.401922
39846.0,16,1464.710414
40052.0,21,1465.132033
-88.5,3,1465.189563
39802.35,16,1465.531721
-248.5,8,1465.688651
-138.5,4,1465.764313
40239.0,16,1466.080161
39481.85,27,1466.615777
-733.5,15,1466.905419
39356.5,27,1467.477364
39707.05,15,1467.776462
-170.05,9,1467.954045
39934.5,17,1468.302148
351.4,6,1468.43111
-138.5,4,1468.505904
39574.55,23,1468.958653
39234.5,33,1469.611674
40034.5,16,1469.914933
-38.5,2,1469.948764
11.5,1,1469.966473
39822.5,18,1470.28096
40005.55,20,1470.637264
39872.0,26,1471.083677
40135.85,16,1471.374062
-88.5,3,1471.423131
39931.5,17,1471.725669
40397.0,14,1471.979958
-138.5,4,1472.044258
40732.0,9,1472.223707
-388.5,9,1472.369429
11.5,1,1472.390294
40055.85,16,1472.667601
-88.5,3,1472.719635
40421.0,18,1473.05757
39788.85,31,1473.614085
-188.5,5,1473.698511
40477.0,10,1473.880268
39992.35,19,1474.231494
40547.0,9,1474.423061
40001.55,16,1474.723526
39566.0,30,1475.26439
40024.5,19,1475.621801
40175.35,17,1475.938923
11.5,1,1475.957166
-138.5,4,1476.028896
-38.5,2,1476.064027
-38.5,2,1476.099354
-188.5,5,1476.187463
40105.5,26,1476.667422
39788.0,27,1477.185372
39848.0,32,1477.823387
40610.85,13,1481.171731
40189.5,17,1481.487807
11.5,1,1481.509215
40742.55,11,1481.716869
308.4,9,1481.888652
39979.55,19,1482.222454
-38.5,2,1482.257119
40392.5,15,1482.538065
40305.5,15,1482.813062
40648.55,14,1483.065639
39962.5,20,1483.403716
40168.5,20,1483.772692
-88.5,3,1483.826904
39952.85,33,1484.428935
40537.0,19,1484.788668
40254.5,15,1485.072261
-503.5,11,1485.264906
40697.55,8,1485.412559
40281.5,15,1485.70183
40616.55,16,1486.028498
40329.35,16,1486.351788
40052.5,24,1486.820456
40267.5,19,1487.190373
40781.0,16,1487.5093
40811.85,13,1487.768955
11.5,1,1487.787581
40259.5,18,1488.151985
-188.5,5,1488.244186
-48.5,4,1488.336472
40746.0,16,1488.669837
40483.5,15,1488.972663
40909.0,13,1489.237081
40665.0,15,1489.558363
40696.55,13,1489.824767
-331.35,10,1490.075669
39636.0,42,1490.91034
41117.0,14,1491.217224
40408.0,21,1491.631111
40397.85,20,1492.015717
40851.0,15,1492.330989
40651.35,16,1492.693722
-31.35,4,1492.799746
11.5,1,1492.831065
40410.5,18,1493.219686
41033.55,6,1493.343048
-88.5,3,1493.399511
11.5,1,1493.417639
40631.85,19,1493.788161
40199.35,26,1494.292943
40968.0,15,1494.57651
40818.0,22,1495.025576
40938.0,20,1495.461202
-238.5,6,1495.597099
40755.7,14,1495.884445
41202.0,11,1496.140227
41369.7,6,1496.281976
-38.5,2,1496.328151
-444.2,14,1496.600324
-81.35,5,1496.724852
40479.5,19,1497.117887
40736.5,15,1497.403184
40491.5,18,1497.731668
40755.85,21,1498.122628
40561.05,17,1498.428163
39908.0,37,1499.109797
41117.4,14,1499.406197
41163.7,8,1499.551977
-188.5,5,1499.638566
-38.5,2,1499.671683
-181.35,7,1499.79849
40366.5,22,1500.180151
40415.0,24,1500.603937
40005.0,34,1501.196101
-238.5,6,1501.296546
-450.9,15,1501.564888
40539.5,19,1501.899601
41035.0,16,1502.197315
41162.4,8,1502.343136
40771.35,18,1502.692602
40709.35,18,1503.029251
11.5,1,1503.047091
40917.5,15,1503.337134
-618.55,15,1503.60946
41131.0,19,1503.974428
-138.5,4,1504.044219
40537.0,26,1504.525035
40987.5,16,1504.84131
11.5,1,1504.859874
41102.0,18,1505.210529
40936.55,21,1505.623826
41235.7,10,1505.822999
41763.0,9,1506.031195
40893.5,15,1506.363877
41428.4,8,1506.525626
40964.5,17,1506.882104
40459.5,26,1507.423533
-108.05,8,1507.575656
41168.85,19,1507.932506
11.5,1,1507.95149
11.5,1,1507.971818
40994.35,16,1508.276201
40881.55,17,1508.588046
-361.1,15,1508.867121
41088.55,14,1509.114664
-88.5,3,1509.169252
-0.05,6,1509.278182
-138.5,4,1509.361032
41310.0,18,1509.747372
41515.0,13,1510.097973
-38.5,2,1510.135466
41096.7,15,1510.457314
41343.0,13,1510.700923
41075.5,16,1511.013885
39458.35,61,1512.105763
41054.85,23,1512.552459
41490.55,14,1512.847952
40668.0,33,1513.531861
41602.0,9,1513.705408
40470.5,28,1514.279324
39945.35,52,1515.380337
41520.55,11,1515.603739
-38.5,2,1515.644067
-138.5,4,1515.725441
-88.5,3,1515.78425
41052.35,19,1516.170193
-38.5,2,1516.207375
11.5,1,1516.228004
41894.0,10,1516.439136
-38.5,2,1516.484635
41367.0,21,1516.92529
-88.5,3,1516.981347
41142.5,18,1517.330646
11.5,1,1517.352433
41692.7,11,1517.556557
-138.5,4,1517.626544
11.5,1,1517.645793
41039.35,21,1518.050774
41757.0,12,1518.277163
40622.5,30,1518.868564
41752.0,15,1519.178539
41532.5,15,1519.491409
-188.5,5,1519.5966
41183.05,15,1519.951507
11.5,1,1519.972146
11.5,1,1519.990307
41121.2,16,1520.266483
-38.5,2,1520.299481
-148.5,6,1520.39989
14.4,9,1520.557468
41135.2,16,1520.829518
-88.5,3,1520.876963
41972.7,9,1521.047677
40175.35,41,1524.551908
41460.5,15,1524.83175
41797.0,17,1525.156225
-81.35,5,1525.247789
-188.5,5,1525.33494
40949.35,27,1525.829413
42062.55,7,1525.997039
41318.35,19,1526.429342
29.25,7,1526.565818
42011.4,10,1526.776434
41439.5,19,1527.148184
39670.0,60,1528.198829
68.65,2,1528.237176
41858.5,19,1528.586768
41089.5,25,1529.035455
41648.0,19,1529.382162
41372.0,26,1529.857904
41951.55,7,1529.987623
-705.55,17,1530.28318
41270.5,19,1530.628422
41773.35,24,1531.062972
11.5,1,1531.082224
-349.9,13,1531.303392
-138.5,4,1531.368632
-38.5,2,1531.403897
41550.55,15,1531.676378
-38.5,2,1531.714737
41054.0,33,1532.32939
42142.0,11,1532.553164
18.1,6,1532.674166
-31.35,4,1532.754373
-88.5,3,1532.808011
41517.05,15,1533.091034
284.1,6,1533.206363
40973.0,38,1533.915434
11.5,1,1533.934501
41783.85,16,1534.254076
18.65,3,1534.318409
-138.5,4,1534.391769
40693.5,37,1535.138627
42359.85,10,1535.336722
41666.5,16,1535.650844
177.4,7,1535.796721
252.4,8,1535.961463
42037.0,15,1536.278599
42133.85,15,1536.595316
-198.5,7,1536.735812
41191.0,33,1537.447476
-238.5,6,1537.567879
41702.5,26,1538.148549
42247.0,15,1538.482143
41864.7,14,1538.734169
42088.0,16,1539.021711
-38.5,2,1539.058101
41628.5,18,1539.378716
0.4,13,1539.605674
-88.5,3,1539.664113
42402.0,10,1539.848433
42471.0,10,1540.042245
42378.55,9,1540.208919
42396.7,9,1540.367454
41781.35,17,1540.668127
42427.7,5,1540.761914
41851.5,16,1541.047673
18.65,3,1541.103375
41953.0,23,1541.516859
41356.5,26,1541.967874
-38.5,2,1542.004565
41976.0,23,1542.403067
41659.5,23,1542.815877
11.5,1,1542.833717
-74.05,7,1542.959113
42337.55,11,1543.170569
11.5,1,1543.188346
41835.5,18,1543.520698
-138.5,4,1543.588315
-31.35,4,1543.662307
42090.0,15,1543.941545
42574.55,10,1544.135652
41879.35,19,1544.508261
41932.5,18,1544.875846
42272.0,15,1545.184482
-38.5,2,1545.224089
41941.9,15,1545.528489
-38.5,2,1545.564726
11.5,1,1545.584844
-98.5,5,1545.682258
41544.5,28,1546.256619
42092.55,14,1546.535661
-710.55,17,1546.915844
-138.5,4,1546.983739
42300.0,17,1547.297396
42687.0,11,1547.504045
42791.4,7,1547.640782
41610.0,31,1548.194814
42251.5,15,1548.469739
42055.05,15,1548.733893
42130.5,17,1549.047149
11.5,1,1549.065591
-546.6,18,1549.379807
42881.0,11,1549.596427
42201.5,16,1549.896924
11.5,1,1549.937056
11.5,1,1549.959959
42623.0,14,1550.218466
11.5,1,1550.23598
42471.85,12,1550.481213
42035.5,18,1550.809094
-279.05,11,1551.013566
11.5,1,1551.033769
-88.5,3,1551.086731
42249.0,24,1551.531057
11.5,1,1551.551974
-438.5,10,1551.737325
42858.0,9,1551.915091
41789.5,26,1552.406665
-38.5,2,1552.445461
42871.85,5,1552.54704
42247.7,18,1552.8961
-88.5,3,1552.951665
41918.5,25,1553.437185
42736.7,7,1553.576512
-902.85,19,1553.930997
-1258.55,28,1554.521638
387.95,3,1554.584704
42586.85,17,1554.903934
-38.5,2,1554.942598
11.5,1,1554.965377
-88.5,3,1555.016289
39953.35,65,1556.157891
40369.5,69,1557.405465
-41.9,12,1557.633212
79.1,5,1557.731221
42347.35,15,1558.021945
41114.85,50,1558.986687
42668.7,10,1559.178005
41651.5,43,1560.017328
42331.5,15,1560.305803
-188.5,5,1560.394171
42856.0,15,1560.690151
42477.0,17,1561.004348
-238.5,6,1561.107017
-288.5,7,1561.237181
42309.5,18,1561.570308
11.5,1,1561.589485
11.5,1,1561.610835
-31.35,4,1561.686356
42098.5,24,1562.187164
11.5,1,1562.210639
41909.0,34,1562.960496
42904.0,13,1566.276135
42335.0,23,1566.689635
131.95,3,1566.748148
42336.5,20,1567.112516
43109.0,11,1567.327775
-238.5,6,1567.431555
18.65,3,1567.501755
42169.0,33,1568.071832
42745.5,24,1568.507838
42106.5,24,1568.946571
42411.85,28,1569.467742
-388.5,9,1569.626232
42366.5,20,1570.0147
-72.6,10,1570.20698
11.5,1,1570.225279
42328.0,28,1570.748085
42583.85,23,1571.188078
11.5,1,1571.206219
42330.5,33,1571.85772
42171.5,28,1572.366763
-142.05,10,1572.550372
11.5,1,1572.569322
42407.0,24,1573.001312
42850.85,20,1573.386262
42641.85,22,1573.862367
42249.5,26,1574.328497
-38.5,2,1574.370342
42814.0,17,1574.690715
42326.35,21,1575.052167
-450.1,16,1575.33841
42790.5,17,1575.638824
42398.0,32,1576.191014
42683.05,15,1576.451734
-38.5,2,1576.484605
42166.5,29,1576.976085
42940.85,16,1577.257402
42707.05,15,1577.526979
43271.0,11,1577.736388
43428.7,9,1577.909946
42866.5,15,1578.193559
43174.0,20,1578.587237
-188.5,5,1578.677681
-138.5,4,1578.75141
-188.5,5,1578.840469
42547.5,21,1579.230325
43327.0,11,1579.452655
42870.5,16,1579.756476
1.5,3,1579.816934
42602.85,24,1580.257911
40718.0,64,1581.535158
-88.5,3,1581.605846
42744.35,20,1582.0194
41822.0,45,1582.946163
42010.85,43,1583.836229
11.5,1,1583.85482
11.5,1,1583.873417
42820.0,28,1584.478112
42855.5,16,1584.807394
11.5,1,1584.825661
43682.0,8,1584.995727
42786.5,19,1585.390892
43031.0,18,1585.756546
42845.5,19,1586.15271
43415.0,12,1586.479801
42835.55,18,1586.7983
11.5,1,1586.816503
42792.35,20,1587.180251
43034.5,16,1587.479254
43381.85,11,1587.682814
42839.05,18,1588.049974
43518.0,14,1588.336225
43137.5,15,1588.65755
43212.55,15,1588.954913
43462.0,18,1589.281769
42264.5,31,1589.806581
43431.0,16,1590.096279
-138.5,4,1590.16039
43726.0,10,1590.373996
42996.5,17,1590.67743
42868.5,22,1591.073594
-38.5,2,1591.11062
42957.5,21,1591.490201
43491.0,18,1591.820857
43750.0,13,1592.064245
-38.5,2,1592.097627
-281.35,9,1592.254042
43864.0,9,1592.427528
43098.2,17,1592.735026
11.5,1,1592.75289
43608.85,16,1593.067213
43258.5,15,1593.350168
43050.35,19,1593.710245
43297.35,15,1593.993593
42839.85,32,1594.590624
44077.85,6,1594.716023
43573.55,10,1594.922756
11.5,1,1594.942198
43750.0,13,1595.194469
43769.0,13,1595.454612
43293.5,15,1595.786249
43346.0,17,1596.129153
43705.0,11,1596.343068
-88.5,3,1596.407327
11.5,1,1596.434728
43323.5,19,1596.848608
-88.5,3,1596.905591
-1052.85,22,1597.352666
42817.5,27,1597.879656
44087.0,8,1598.049551
43637.0,13,1598.303053
43916.0,15,1598.636441
-238.5,6,1598.753199
43779.0,16,1599.088874
-38.5,2,1599.127354
43183.0,30,1599.767668
43743.35,21,1600.204577
42904.5,25,1600.669718
11.5,1,1600.687398
11.5,1,1600.70483
43580.55,22,1601.098102
-66.75,9,1601.26225
43477.35,16,1601.544306
43562.5,16,1601.838016
-38.5,2,1601.871204
-88.5,3,1601.923593
42608.85,44,1602.685145
-238.5,6,1602.784543
43671.0,23,1603.208579
-88.5,3,1603.263588
43955.7,8,1603.408322
43303.5,23,1603.814901
11.5,1,1603.832349
43700.0,19,1604.162199
136.95,9,1604.333043
-234.6,14,1604.584075
43643.5,17,1604.907415
-290.9,12,1608.277118
43550.5,15,1608.583738
42907.0,37,1609.265205
43415.5,19,1609.623691
44176.0,11,1609.84642
43401.5,19,1610.194242
-138.5,4,1610.265708
43854.0,16,1610.599931
44112.0,14,1610.896932
-1052.85,22,1611.343386
43826.5,15,1611.651239
-238.5,6,1611.762788
44091.0,12,1612.001991
44205.0,12,1612.231929
11.5,1,1612.250925
44270.0,11,1612.465591
43675.5,15,1612.745901
-31.35,4,1612.821746
43631.5,19,1613.173333
43679.4,23,1613.658547
43715.5,17,1614.043545
-138.5,4,1614.135246
44109.5,24,1614.634723
43524.5,21,1615.066025
44274.0,9,1615.255433
-38.5,2,1615.292397
43558.0,22,1615.718573
60.1,6,1615.84551
-188.5,5,1615.943225
-88.5,3,1616.002855
11.5,1,1616.026467
-88.5,3,1616.08078
43386.5,25,1616.569813
44540.0,11,1616.813908
44280.55,11,1617.028689
41887.35,57,1618.148641
-660.55,16,1618.427193
43232.5,31,1618.971186
-138.5,4,1619.040618
44351.0,13,1619.279875
43743.85,26,1619.752733
44020.5,16,1620.061548
43573.35,23,1620.461608
43894.5,17,1620.775966
44451.0,12,1620.991745
42648.35,55,1621.950235
18.65,3,1622.006652
44484.4,5,1622.104597
43638.5,24,1622.548363
43951.5,17,1622.863486
44465.0,13,1623.108205
43945.05,15,1623.389686
-138.5,4,1623.463667
44194.35,15,1623.781762
44168.0,17,1624.137976
-38.5,2,1624.179825
43856.05,19,1624.565391
11.5,1,1624.583597
44529.7,11,1624.803208
44279.7,12,1625.032721
-188.5,5,1625.13025
-546.35,14,1625.391361
43666.5,34,1626.008231
44225.0,20,1626.362376
44309.0,14,1626.606759
44680.7,9,1626.766977
43832.5,23,1627.178022
78.1,10,1627.354815
44708.0,11,1627.55222
-38.5,2,1627.590142
43608.5,27,1628.075313
44749.85,12,1628.308993
44229.0,19,1628.650857
44621.55,7,1628.781346
44765.0,11,1628.985998
44477.55,14,1629.246697
44075.05,15,1629.512841
44071.5,17,1629.823343
44033.05,16,1630.11127
11.5,1,1630.129824
44754.0,13,1630.378685
44155.35,18,1630.721516
44084.2,17,1631.044171
-43.05,7,1631.177023
11.5,1,1631.199487
45178.0,6,1631.334113
44853.85,12,1631.587342
-91.2,7,1631.725668
372.1,4,1631.817389
11.5,1,1631.840747
44896.2,13,1632.111828
44369.5,15,1632.418063
44245.05,16,1632.762483
-88.5,3,1632.822165
44560.0,19,1633.217324
44433.5,17,1633.602023
44712.85,11,1633.833342
44702.0,13,1634.109049
-610.55,15,1634.449509
44820.0,14,1634.776184
44581.0,21,1635.232741
44169.5,22,1635.719043
44324.35,16,1636.060339
43659.0,40,1636.886056
-38.5,2,1636.926231
11.5,1,1636.944336
45024.0,13,1637.204304
-288.5,7,1637.342528
-188.5,5,1637.436131
-38.5,2,1637.477109
43944.0,35,1638.216263
11.5,1,1638.235215
44941.0,9,1638.435389
45063.0,13,1638.717106
44763.0,18,1639.107767
-708.55,17,1639.447432
44545.0,19,1639.866459
44437.0,22,1640.324192
44383.05,15,1640.699924
-598.55,15,1640.983037
44871.0,16,1641.346657
44503.05,15,1641.641438
-88.5,3,1641.703194
44542.5,19,1642.099871
44982.85,14,1642.432923
-463.5,12,1642.675981
